自治体,人口,経度,緯度
札幌市,1973395,141.354374,43.061972
函館市,251084,140.729108,41.768712
小樽市,111299,140.994605,43.190753
旭川市,329306,142.364798,43.770799
室蘭市,82383,140.973784,42.315204
釧路市,165077,144.38167,42.984856
帯広市,166536,143.196195,42.924014
北見市,115480,143.894925,43.803197
夕張市,7334,141.974069,43.056814
岩見沢市,79306,141.775355,43.196028
網走市,35759,144.273422,44.020631
留萌市,20114,141.637009,43.940987
苫小牧市,170113,141.605503,42.634094
稚内市,33563,141.673082,45.415675
美唄市,20413,141.853986,43.332951
芦別市,12555,142.189552,43.51821
江別市,121056,141.536103,43.103666
赤平市,9698,142.044223,43.558039
紋別市,21215,143.354279,44.356332
士別市,17858,142.400927,44.178182
名寄市,27282,142.463134,44.355924
三笠市,8040,141.875342,43.245622
根室市,24636,145.582903,43.330036
千歳市,97950,141.651139,42.821124
滝川市,39490,141.910371,43.557753
砂川市,16486,141.902525,43.494329
歌志内市,2989,142.035353,43.521682
深川市,20039,142.053528,43.723184
富良野市,21131,142.383405,43.342354
登別市,46391,141.106556,42.412735
恵庭市,70331,141.577799,42.882592
伊達市,32826,140.864702,42.471898
北広島市,58171,141.563625,42.985663
石狩市,56869,141.315514,43.171365
北斗市,44302,140.653067,41.824174
当別町,15916,141.517003,43.223637
新篠津村,3044,141.649247,43.225368
松前町,6260,140.110403,41.429981
福島町,3794,140.251315,41.483783
知内町,4167,140.418861,41.598377
木古内町,3832,140.437635,41.678332
七飯町,27686,140.694405,41.895711
鹿部町,3760,140.831672,42.026639
森町,14338,140.576446,42.104992
八雲町,15826,140.265224,42.255918
長万部町,5109,140.380344,42.513488
江差町,7428,140.12756,41.869244
上ノ国町,4306,140.121398,41.801042
厚沢部町,3592,140.225475,41.920895
乙部町,3403,140.13546,41.968504
奥尻町,2410,139.514121,42.17226
今金町,5072,140.008766,42.429373
せたな町,7398,139.882999,42.417145
島牧村,1356,140.061454,42.700471
寿都町,2838,140.228891,42.790984
黒松内町,2791,140.307739,42.667788
蘭越町,4568,140.528346,42.809205
ニセコ町,5074,140.687991,42.805029
真狩村,2045,140.803669,42.762955
留寿都村,1911,140.875574,42.737263
喜茂別町,2156,140.934532,42.795439
京極町,2941,140.883999,42.858216
倶知安町,15129,140.759012,42.901458
共和町,5772,140.611175,42.980407
岩内町,11648,140.514773,42.979761
泊村,1569,140.498857,43.063212
神恵内村,870,140.430801,43.143365
積丹町,1831,140.598001,43.29871
古平町,2745,140.639078,43.265353
仁木町,3180,140.766168,43.151675
余市町,18000,140.783542,43.195343
赤井川村,1165,140.81364,43.083479
南幌町,7319,141.65033,43.063739
奈井江町,5120,141.882816,43.425353
上砂川町,2841,141.984202,43.48271
由仁町,4822,141.790309,42.999598
長沼町,10289,141.695367,43.01034
栗山町,11272,141.784099,43.05629
月形町,3691,141.669604,43.338397
浦臼町,1732,141.818727,43.430363
新十津川町,6484,141.877126,43.548781
妹背牛町,2693,141.961606,43.700093
秩父別町,2329,141.957896,43.767
雨竜町,2389,141.889036,43.643943
北竜町,1724,141.879409,43.731426
沼田町,2909,141.933817,43.80674
鷹栖町,6567,142.354382,43.843321
東神楽町,10127,142.451571,43.696303
当麻町,6319,142.508388,43.828201
比布町,3520,142.477699,43.875021
愛別町,2605,142.577822,43.906679
上川町,3500,142.770459,43.847128
東川町,8314,142.510128,43.698877
美瑛町,9668,142.467055,43.588279
上富良野町,10348,142.467112,43.455614
中富良野町,4733,142.425034,43.405576
南富良野町,2376,142.568522,43.164088
占冠村,1306,142.398526,42.979836
和寒町,3192,142.413383,44.023119
剣淵町,2926,142.361007,44.095746
下川町,3126,142.635219,44.302576
美深町,4145,142.342963,44.480994
音威子府村,706,142.262458,44.725096
中川町,1528,142.071409,44.811488
幌加内町,1370,142.153828,44.009812
増毛町,3908,141.524978,43.856063
小平町,2994,141.662828,44.015141
苫前町,2936,141.652932,44.306086
羽幌町,6548,141.697249,44.36061
初山別村,1080,141.766342,44.532149
遠別町,2520,141.792322,44.722462
天塩町,2950,141.745324,44.888121
猿払村,2611,142.108945,45.33061
浜頓別町,3448,142.35964,45.123716
中頓別町,1637,142.286705,44.96971
枝幸町,7565,142.581405,44.9387
豊富町,3974,141.777508,45.102847
礼文町,2509,141.047717,45.303062
利尻町,2004,141.139597,45.187041
利尻富士町,2458,141.214719,45.247459
幌延町,2371,141.849386,45.017635
美幌町,18697,144.107523,43.824248
津別町,4373,144.025237,43.706261
斜里町,11418,144.670713,43.911441
清里町,3883,144.594582,43.835224
小清水町,4623,144.462114,43.856679
訓子府町,4677,143.741665,43.725328
置戸町,2775,143.586402,43.676328
佐呂間町,4875,143.774714,44.017859
遠軽町,19241,143.527726,44.061947
湧別町,8270,143.572919,44.151465
滝上町,2421,143.07765,44.19227
興部町,3628,143.123699,44.469874
西興部村,1053,142.944445,44.328833
雄武町,4199,142.961863,44.582482
大空町,6775,144.172473,43.911858
豊浦町,3821,140.711815,42.583464
壮瞥町,2743,140.885472,42.552556
白老町,16212,141.355861,42.551259
厚真町,4432,141.877841,42.723566
洞爺湖町,8442,140.764128,42.551223
安平町,7340,141.818047,42.762798
むかわ町,7651,141.926761,42.574741
日高町,11279,142.074359,42.480318
平取町,4776,142.128525,42.585098
新冠町,5309,142.318315,42.362417
浦河町,12074,142.768213,42.168355
様似町,4043,142.933797,42.127737
えりも町,4374,143.148348,42.016298
新ひだか町,21517,142.368588,42.341276
音更町,43576,143.197869,42.994115
士幌町,5848,143.241344,43.168047
上士幌町,4778,143.296243,43.232615
鹿追町,5266,142.989028,43.098876
新得町,5817,142.838822,43.079741
清水町,9094,142.884568,43.011423
芽室町,18048,143.050835,42.911547
中札内村,3884,143.134395,42.697864
更別村,3080,143.187794,42.650415
大樹町,5420,143.278989,42.497698
広尾町,6387,143.311498,42.285841
幕別町,25766,143.356085,42.908198
池田町,6294,143.448472,42.92898
豊頃町,3022,143.5059,42.801023
本別町,6618,143.610962,43.124615
足寄町,6563,143.55393,43.244786
陸別町,2264,143.747305,43.468914
浦幌町,4387,143.658581,42.808947
釧路町,19105,144.466081,42.996124
厚岸町,8892,144.847443,43.051951
浜中町,5507,145.130953,43.076292
標茶町,7230,144.600665,43.303337
弟子屈町,6955,144.459223,43.485352
鶴居村,2558,144.321165,43.23016
白糠町,7289,144.071805,42.956161
別海町,14380,145.117341,43.39399
中標津町,23010,144.971504,43.555191
標津町,5023,145.131325,43.661309
羅臼町,4722,145.189532,44.021953
青森市,275192,140.746957,40.82264
弘前市,168466,140.464008,40.602965
八戸市,223415,141.488404,40.512278
黒石市,31946,140.594547,40.642608
五所川原市,51415,140.446118,40.807835
十和田市,60378,141.20591,40.612703
三沢市,39152,141.369093,40.683078
むつ市,54103,141.183174,41.292835
つがる市,30934,140.380195,40.808836
平川市,30567,140.567123,40.583742
平内町,10126,140.955884,40.926023
今別町,2334,140.48161,41.181875
蓬田村,2540,140.656053,40.971779
外ヶ浜町,5401,140.632243,41.043159
鰺ヶ沢町,9044,140.233912,40.783011
深浦町,7346,139.927431,40.647876
西目屋村,1265,140.297171,40.577437
藤崎町,14573,140.502824,40.656064
大鰐町,8665,140.567878,40.518356
田舎館村,7326,140.550198,40.631259
板柳町,12700,140.4577,40.695954
鶴田町,12074,140.428702,40.758819
中泊町,9657,140.434122,40.960427
野辺地町,12374,141.128685,40.864447
七戸町,14556,141.157991,40.744714
六戸町,10447,141.324958,40.609526
横浜町,4229,141.247782,41.083155
東北町,16428,141.257888,40.727871
六ヶ所村,10367,141.374434,40.967375
おいらせ町,24273,141.397822,40.599104
大間町,4718,140.90483,41.522388
東通村,5955,141.3289,41.277726
風間浦村,1636,140.995534,41.487487
佐井村,1788,140.859175,41.429718
三戸町,9082,141.25874,40.378423
五戸町,16042,141.307813,40.531208
田子町,4968,141.15215,40.34003
南部町,16809,141.330307,40.420343
階上町,13496,141.621001,40.452454
新郷村,2197,141.1734,40.465784
盛岡市,289731,141.154183,39.701795
宮古市,50369,141.946115,39.639554
大船渡市,34728,141.708547,39.081901
花巻市,93193,141.116854,39.388609
北上市,93045,141.113157,39.286817
久慈市,33043,141.775644,40.190466
遠野市,25366,141.532352,39.331014
一関市,111932,141.126759,38.934754
陸前高田市,18262,141.633321,39.020413
釜石市,32078,141.885716,39.27581
二戸市,25513,141.304805,40.271193
八幡平市,24023,141.07112,39.956511
奥州市,112937,141.139116,39.144506
滝沢市,55579,141.077065,39.734739
雫石町,15731,140.975779,39.696319
葛巻町,5634,141.438203,40.040086
岩手町,12285,141.212166,39.972768
紫波町,32147,141.155796,39.554536
矢巾町,28056,141.143001,39.606006
西和賀町,5134,140.778754,39.317906
金ケ崎町,15535,141.116408,39.195687
平泉町,7252,141.11398,38.986781
住田町,5045,141.575052,39.142209
大槌町,11004,141.899731,39.358196
山田町,14320,141.948923,39.467619
岩泉町,8726,141.796675,39.843204
田野畑村,3059,141.888864,39.930454
普代村,2487,141.886014,40.005164
軽米町,8421,141.460349,40.326678
野田村,3936,141.817674,40.110272
九戸村,5378,141.418982,40.211356
洋野町,15091,141.71865,40.408298
一戸町,11494,141.29546,40.212733
仙台市,1096704,140.869617,38.268008
石巻市,140151,141.302906,38.434457
塩竈市,52203,141.02203,38.31436
気仙沼市,61147,141.570044,38.908127
白石市,32758,140.619888,38.002467
名取市,78718,140.891849,38.171501
角田市,27976,140.781543,37.977016
多賀城市,62827,141.004369,38.293803
岩沼市,44068,140.869949,38.104303
登米市,76037,141.18772,38.691856
栗原市,64637,141.021508,38.730062
東松島市,39098,141.210278,38.426134
大崎市,127330,140.955565,38.577132
富谷市,51651,140.895485,38.399918
蔵王町,11418,140.65868,38.098128
七ケ宿町,1262,140.441615,37.993063
大河原町,23571,140.730774,38.049412
村田町,10666,140.722404,38.118589
柴田町,38271,140.765798,38.056599
川崎町,8345,140.643188,38.177751
丸森町,12262,140.765365,37.911536
亘理町,33087,140.867924,38.044263
山元町,12046,140.878052,37.962706
松島町,13323,141.067291,38.380149
七ヶ浜町,18132,141.059143,38.304554
利府町,35182,140.975793,38.330355
大和町,28786,140.886309,38.43733
大郷町,7813,141.00446,38.424244
大衡村,5849,140.879982,38.467278
色麻町,6698,140.849876,38.548921
加美町,21943,140.854759,38.57177
涌谷町,15388,141.128105,38.539704
美里町,23994,141.056717,38.5444
女川町,6430,141.442693,38.445388
南三陸町,12225,141.462492,38.680666
秋田市,307672,140.102512,39.719929
能代市,49968,140.026641,40.212131
横手市,85555,140.566636,39.313777
大館市,69237,140.565241,40.271685
男鹿市,25154,139.8475,39.886721
湯沢市,42091,140.494683,39.164074
鹿角市,29088,140.788519,40.215789
由利本荘市,74707,140.048819,39.385814
潟上市,31720,140.013049,39.857288
大仙市,77657,140.475448,39.45309
北秋田市,30198,140.370728,40.226046
にかほ市,23435,139.907649,39.203067
仙北市,24610,140.730728,39.700044
小坂町,4780,140.736191,40.332926
上小阿仁村,2063,140.295736,40.063263
藤里町,2896,140.261879,40.278399
三種町,15254,140.004981,40.101615
八峰町,6577,140.038618,40.318715
五城目町,8538,140.111309,39.943895
八郎潟町,5583,140.073358,39.949023
井川町,4566,140.081265,39.914188
大潟村,3011,139.960064,40.017788
美郷町,18613,140.582127,39.461633
羽後町,13825,140.412881,39.199323
東成瀬村,2704,140.648892,39.179185
山形市,247590,140.339605,38.255436
米沢市,81252,140.11614,37.921869
鶴岡市,122347,139.826725,38.727183
酒田市,100273,139.836513,38.914386
新庄市,34432,140.301664,38.76496
寒河江市,40189,140.276068,38.380954
上山市,29110,140.26783,38.149562
村山市,22516,140.38038,38.483352
長井市,26543,140.033947,38.106088
天童市,62140,140.377802,38.362177
東根市,47682,140.391021,38.431292
尾花沢市,14971,140.405693,38.60062
南陽市,30420,140.148309,38.055116
山辺町,13725,140.26218,38.289217
中山町,10746,140.283051,38.333122
河北町,17641,140.31459,38.426632
西川町,4956,140.147661,38.426487
朝日町,6366,140.145924,38.299293
大江町,7646,140.206793,38.380713
大石田町,6577,140.372647,38.593877
金山町,5071,140.339367,38.88344
最上町,8080,140.519359,38.758467
舟形町,5007,140.319988,38.691417
真室川町,7203,140.251564,38.856918
大蔵村,3028,140.230368,38.704121
鮭川村,3902,140.222007,38.796455
戸沢村,4199,140.143569,38.737601
高畠町,22463,140.189113,38.002745
川西町,14558,140.053181,38.005203
小国町,7107,139.743333,38.061391
白鷹町,12890,140.098571,38.183069
飯豊町,6613,139.987617,38.045714
三川町,7601,139.849612,38.794529
庄内町,20151,139.904036,38.849558
遊佐町,13032,139.908662,39.014836
福島市,282693,140.474747,37.76083
会津若松市,117376,139.929707,37.494842
郡山市,327692,140.35965,37.400455
いわき市,332931,140.887687,37.050456
白河市,59491,140.210923,37.126379
須賀川市,74992,140.372655,37.286504
喜多方市,44760,139.874484,37.651134
相馬市,34865,140.918937,37.797353
二本松市,53557,140.431199,37.584783
田村市,35169,140.57631,37.440621
南相馬市,59005,140.957237,37.642197
伊達市,58240,140.562894,37.819095
本宮市,30236,140.393877,37.513162
桑折町,11459,140.520851,37.85472
国見町,8639,140.549273,37.87681
川俣町,12170,140.598244,37.664989
大玉村,8900,140.371058,37.534362
鏡石町,12318,140.343405,37.252858
天栄村,5194,140.247165,37.255576
下郷町,5264,139.872084,37.255571
檜枝岐村,504,139.388941,37.024141
只見町,4044,139.315789,37.348657
南会津町,14451,139.773215,37.200389
北塩原村,2556,139.937383,37.655673
西会津町,5770,139.649301,37.587396
磐梯町,3322,139.988766,37.562099
猪苗代町,13552,140.104794,37.557799
会津坂下町,15068,139.821732,37.561457
湯川村,3081,139.886756,37.565351
柳津町,3081,139.719552,37.526035
三島町,1452,139.644441,37.470292
金山町,1862,139.524524,37.453735
昭和村,1246,139.610666,37.335446
会津美里町,19014,139.834177,37.464985
西郷村,20808,140.155299,37.141767
泉崎村,6213,140.303363,37.153784
中島村,4885,140.35023,37.148756
矢吹町,17287,140.338493,37.201221
棚倉町,13343,140.379591,37.029867
矢祭町,5392,140.424755,36.871334
塙町,8302,140.409647,36.957238
鮫川村,3049,140.509699,37.042229
石川町,14644,140.446775,37.157072
玉川村,6392,140.408939,37.210718
平田村,5826,140.575655,37.221995
浅川町,6036,140.412852,37.080947
古殿町,4825,140.555692,37.089182
三春町,17018,140.493389,37.4405
小野町,9471,140.62628,37.286823
広野町,5412,140.994561,37.214403
楢葉町,3710,140.993465,37.282605
富岡町,2128,141.008652,37.345496
川内村,2044,140.809266,37.33768
大熊町,847,140.958264,37.382087
双葉町,0,141.006374,37.452904
浪江町,1923,141.000746,37.494594
葛尾村,420,140.764518,37.503547
新地町,7905,140.919591,37.876379
飯舘村,1318,140.735091,37.678947
水戸市,270685,140.471222,36.365861
日立市,174508,140.651546,36.599016
土浦市,142074,140.204143,36.078391
古河市,139344,139.755371,36.178228
石岡市,73061,140.287242,36.19084
結城市,50645,139.87147,36.289625
龍ケ崎市,76420,140.182265,35.911594
下妻市,42521,139.967374,36.184516
常総市,60834,139.993934,36.023563
常陸太田市,48602,140.530929,36.538227
高萩市,27699,140.709506,36.713674
北茨城市,41801,140.751032,36.801892
笠間市,73173,140.304232,36.345128
取手市,104524,140.050305,35.911474
牛久市,84651,140.149532,35.979397
つくば市,241656,140.076473,36.08356
ひたちなか市,156581,140.534676,36.396615
鹿嶋市,66950,140.644852,35.965721
潮来市,27604,140.555364,35.947134
守谷市,68421,139.975465,35.951327
常陸大宮市,39267,140.411012,36.542592
那珂市,53502,140.486726,36.457424
筑西市,100753,139.979417,36.305263
坂東市,52265,139.88868,36.048363
稲敷市,39039,140.303583,35.972927
かすみがうら市,40087,140.237006,36.151812
桜川市,39122,140.090478,36.327273
神栖市,95454,140.664527,35.889972
行方市,32185,140.4891,35.990166
鉾田市,45953,140.516437,36.158687
つくばみらい市,49872,140.037069,35.962911
小美玉市,48870,140.352589,36.239283
茨城町,31401,140.424517,36.286921
大洗町,15715,140.574888,36.313356
城里町,18097,140.376241,36.479297
東海村,37891,140.566301,36.472882
大子町,15736,140.363437,36.764415
美浦村,14602,140.301906,36.004554
阿見町,48553,140.214769,36.03087
河内町,8231,140.244516,35.884743
八千代町,21026,139.891145,36.181632
五霞町,8093,139.745832,36.114116
境町,24201,139.795054,36.108529
利根町,15340,140.139106,35.857825
宇都宮市,518757,139.882807,36.555115
足利市,144746,139.449696,36.340146
栃木市,155549,139.734111,36.382414
佐野市,116228,139.578356,36.314369
鹿沼市,94033,139.745045,36.566681
日光市,77661,139.698204,36.719861
小山市,166666,139.800778,36.314496
真岡市,78190,140.012467,36.440515
大田原市,72087,140.015458,36.871076
矢板市,31165,139.924226,36.806732
那須塩原市,115210,140.046044,36.96169
さくら市,44513,139.966474,36.685295
那須烏山市,24875,140.151376,36.656891
下野市,59507,139.85192,36.395227
上三川町,30806,139.910214,36.439268
益子町,21898,140.093381,36.467353
茂木町,11891,140.187535,36.532184
市貝町,11262,140.102113,36.543242
芳賀町,14961,140.058199,36.548212
壬生町,39474,139.814668,36.442178
野木町,24913,139.740818,36.233263
塩谷町,10354,139.850578,36.777605
高根沢町,29229,139.986672,36.630976
那須町,23956,140.121008,37.01977
那珂川町,15215,140.17282,36.736223
前橋市,332149,139.063493,36.389413
高崎市,372973,139.003355,36.32195
桐生市,106445,139.330646,36.40521
伊勢崎市,211850,139.19696,36.311341
太田市,223014,139.37536,36.291127
沼田市,45337,139.042784,36.64396
館林市,75309,139.542057,36.244841
渋川市,74581,139.000394,36.48948
藤岡市,63261,139.074564,36.258509
富岡市,47446,138.889954,36.259852
安中市,54907,138.887244,36.326298
みどり市,49648,139.281076,36.394819
榛東村,14216,138.967118,36.438647
吉岡町,21792,139.0097,36.447443
上野村,1128,138.777334,36.083135
神流町,1645,138.916991,36.116013
下仁田町,6576,138.789083,36.21247
南牧村,1611,138.711406,36.158553
甘楽町,12491,138.921752,36.243009
中之条町,15386,138.841075,36.589843
長野原町,5095,138.649837,36.544321
嬬恋村,8850,138.530298,36.516735
草津町,6049,138.596127,36.620711
高山村,3511,138.943477,36.620809
東吾妻町,12728,138.820571,36.571564
片品村,3993,139.225241,36.772549
川場村,3480,139.106512,36.694683
昭和村,6953,139.065881,36.639761
みなかみ町,17195,138.999055,36.67865
玉村町,36054,139.114916,36.304435
板倉町,14083,139.601938,36.225962
明和町,10882,139.534228,36.211283
千代田町,10861,139.442437,36.217754
大泉町,42089,139.404843,36.247862
邑楽町,25522,139.4623,36.252392
さいたま市,1324025,139.645502,35.861515
川越市,354571,139.48584,35.925112
熊谷市,194415,139.388664,36.147362
川口市,594274,139.7234,35.806733
行田市,78617,139.455646,36.138951
秩父市,59674,139.085475,35.991681
所沢市,342464,139.468613,35.799672
飯能市,80361,139.327791,35.85576
加須市,111623,139.601775,36.131438
本庄市,78569,139.190629,36.243329
東松山市,91791,139.39995,36.042162
春日部市,229792,139.752409,35.975305
狭山市,148699,139.412227,35.852907
羽生市,52862,139.548592,36.172667
鴻巣市,116828,139.522172,36.065758
深谷市,141268,139.281714,36.197018
上尾市,226940,139.593203,35.977408
草加市,248304,139.805327,35.825371
越谷市,341621,139.791037,35.890643
蕨市,74283,139.679758,35.825576
戸田市,140899,139.677931,35.817635
入間市,145651,139.391058,35.835769
朝霞市,141083,139.593919,35.797255
志木市,75346,139.580248,35.83659
和光市,83989,139.605693,35.781104
新座市,166017,139.56533,35.793497
桶川市,74748,139.558177,36.002966
久喜市,150582,139.666838,36.062059
北本市,65201,139.53024,36.027026
八潮市,93363,139.839175,35.822539
富士見市,111859,139.549074,35.856759
三郷市,142145,139.872247,35.830132
蓮田市,61499,139.6622,35.994504
坂戸市,100275,139.402983,35.957262
幸手市,50066,139.725805,36.078089
鶴ヶ島市,70117,139.393126,35.934523
日高市,54571,139.33914,35.907748
吉川市,71979,139.855651,35.895962
ふじみ野市,113597,139.51982,35.879396
白岡市,52214,139.676861,36.01907
伊奈町,44841,139.623877,35.999865
三芳町,38434,139.526514,35.828347
毛呂山町,35366,139.315954,35.941596
越生町,11029,139.294202,35.964478
滑川町,19732,139.360919,36.06599
嵐山町,17889,139.320514,36.056568
小川町,28524,139.261789,36.056657
川島町,19378,139.484352,35.992494
吉見町,18192,139.45373,36.039853
鳩山町,13560,139.334106,35.981468
ときがわ町,10540,139.296763,36.00857
横瀬町,7979,139.100049,35.987286
皆野町,9302,139.098754,36.070845
長瀞町,6807,139.10972,36.114787
小鹿野町,10928,139.008604,36.017138
東秩父村,2709,139.194573,36.058148
美里町,11039,139.18141,36.177104
神川町,13359,139.101578,36.213901
上里町,30343,139.14487,36.251615
寄居町,32374,139.193014,36.118348
宮代町,34147,139.723069,36.022593
杉戸町,43845,139.736829,36.025618
松伏町,28266,139.815139,35.925751
千葉市,974951,140.10638,35.607331
銚子市,58431,140.826791,35.734667
市川市,496676,139.931067,35.721857
船橋市,642907,139.982621,35.694711
館山市,45153,139.870085,34.996608
木更津市,136166,139.924905,35.381208
松戸市,498232,139.903226,35.787652
野田市,152638,139.874828,35.955106
茂原市,86782,140.28805,35.42854
成田市,132906,140.318781,35.776605
佐倉市,168743,140.223972,35.723441
東金市,58219,140.366115,35.559932
旭市,63745,140.648178,35.716034
習志野市,176197,140.027288,35.681631
柏市,426468,139.976199,35.868295
勝浦市,16927,140.320868,35.152211
市原市,269524,140.115594,35.497897
流山市,199849,139.902586,35.856287
八千代市,199498,140.099915,35.722381
我孫子市,130510,140.028225,35.864162
鴨川市,32116,140.098805,35.114017
鎌ケ谷市,109932,140.000736,35.776765
君津市,82206,139.902561,35.330424
富津市,42465,139.857113,35.30414
浦安市,171362,139.902187,35.653988
四街道市,93576,140.167957,35.669713
袖ケ浦市,63883,139.954353,35.429945
八街市,67455,140.317913,35.665859
印西市,102609,140.145765,35.832332
白井市,62441,140.056372,35.791503
富里市,49735,140.343071,35.72681
南房総市,35831,139.839997,35.043147
匝瑳市,35040,140.564356,35.707914
香取市,72356,140.499248,35.89773
山武市,48444,140.413531,35.602992
いすみ市,35544,140.385117,35.253887
大網白里市,48129,140.320963,35.521708
酒々井町,20745,140.269483,35.724751
栄町,20127,140.243945,35.840866
神崎町,5816,140.405326,35.901611
多古町,13735,140.467727,35.735592
東庄町,13228,140.668786,35.83715
九十九里町,14639,140.44025,35.535065
芝山町,7033,140.414255,35.693064
横芝光町,22075,140.504396,35.665609
一宮町,11897,140.368734,35.372812
睦沢町,6760,140.319275,35.361091
長生村,13803,140.354058,35.412179
白子町,10305,140.374253,35.45434
長柄町,6721,140.227073,35.431152
長南町,7198,140.237039,35.386423
大多喜町,8885,140.245419,35.284822
御宿町,6874,140.348785,35.191484
鋸南町,6993,139.835645,35.111131
千代田区,66680,139.753634,35.694003
中央区,169179,139.772003,35.670587
港区,260486,139.751599,35.658071
新宿区,349385,139.703463,35.69389
文京区,240069,139.752473,35.707976
台東区,211444,139.779984,35.712607
墨田区,272085,139.801497,35.710724
江東区,524310,139.817365,35.672859
品川区,422488,139.73025,35.609066
目黒区,288088,139.698118,35.64141
大田区,748081,139.715987,35.56126
世田谷区,943664,139.653208,35.646481
渋谷区,243883,139.697948,35.663982
中野区,344880,139.663738,35.707268
杉並区,591108,139.636414,35.699546
豊島区,301599,139.716678,35.726121
北区,355213,139.733657,35.752805
荒川区,217475,139.783372,35.736083
板橋区,584483,139.709246,35.751245
練馬区,752608,139.651725,35.7356
足立区,695043,139.804584,35.774945
葛飾区,453093,139.847213,35.74343
江戸川区,697932,139.868312,35.706648
八王子市,579355,139.316075,35.66657
立川市,183581,139.407846,35.713981
武蔵野市,150149,139.565938,35.717837
三鷹市,195391,139.559883,35.683308
青梅市,133535,139.274994,35.788171
府中市,262790,139.477663,35.668921
昭島市,113949,139.353773,35.705705
調布市,242614,139.540683,35.650628
町田市,431079,139.438527,35.546559
小金井市,126074,139.502989,35.699479
小平市,198739,139.477474,35.728496
日野市,190435,139.394981,35.671347
東村山市,151815,139.468484,35.754624
国分寺市,129242,139.462252,35.710943
国立市,77130,139.441366,35.683912
福生市,56414,139.326744,35.738601
狛江市,84772,139.578696,35.634814
東大和市,83901,139.426591,35.745328
清瀬市,76208,139.52685,35.785275
東久留米市,115271,139.529673,35.757992
武蔵村山市,70829,139.387421,35.754906
多摩市,146951,139.446366,35.636959
稲城市,93151,139.504603,35.637938
羽村市,54326,139.311042,35.767168
あきる野市,79292,139.294046,35.728959
西東京市,207388,139.538159,35.725499
瑞穂町,31765,139.354116,35.771924
日の出町,16958,139.257405,35.742115
檜原村,2003,139.148852,35.72684
奥多摩町,4750,139.096214,35.80952
大島町,7102,139.355619,34.750058
利島村,327,139.282584,34.529354
新島村,2441,139.256556,34.377138
神津島村,1855,139.134426,34.205371
三宅村,2273,139.479747,34.075779
御蔵島村,323,139.596009,33.897156
八丈町,7042,139.789065,33.112802
青ヶ島村,169,139.763337,32.466537
小笠原村,2929,142.191904,27.09438
横浜市,3777491,139.634903,35.450195
川崎市,1538262,139.703012,35.530806
相模原市,725493,139.373268,35.571376
横須賀市,388078,139.672284,35.281276
平塚市,258422,139.349412,35.335502
鎌倉市,172710,139.54669,35.319228
藤沢市,436905,139.491116,35.33894
小田原市,188856,139.152355,35.264694
茅ヶ崎市,242389,139.404702,35.333879
逗子市,57060,139.580414,35.295592
三浦市,42069,139.620765,35.144176
秦野市,162439,139.219946,35.3748
厚木市,223705,139.362442,35.443049
大和市,239169,139.45795,35.487515
伊勢原市,101780,139.314906,35.402985
海老名市,136516,139.390803,35.446449
座間市,132325,139.407637,35.48864
南足柄市,40841,139.099729,35.320633
綾瀬市,83913,139.426348,35.437161
葉山町,31665,139.586275,35.272025
寒川町,48348,139.384188,35.372963
大磯町,31634,139.311348,35.30694
二宮町,27564,139.255525,35.299494
中井町,9300,139.218766,35.330751
大井町,17129,139.156649,35.326619
松田町,10836,139.139337,35.348199
山北町,9761,139.083806,35.360631
開成町,18329,139.12341,35.336058
箱根町,11293,139.106886,35.232301
真鶴町,6722,139.137233,35.158399
湯河原町,23426,139.108336,35.147931
愛川町,39869,139.32172,35.528746
清川村,3038,139.276374,35.48233
新潟市,789275,139.036402,37.916128
長岡市,266936,138.851224,37.446587
三条市,94642,138.9617,37.636768
柏崎市,81526,138.557756,37.364903
新発田市,94927,139.327151,37.947954
小千谷市,34096,138.795097,37.31435
加茂市,25441,139.04022,37.666335
十日町市,49820,138.75571,37.127588
見附市,39237,138.912724,37.531496
村上市,57418,139.48004,38.22399
燕市,77201,138.882249,37.673149
糸魚川市,40765,137.862658,37.039025
妙高市,30383,138.253485,37.025265
五泉市,47625,139.182568,37.744483
上越市,188047,138.236039,37.147873
阿賀野市,40696,139.226002,37.834509
佐渡市,51492,138.368138,38.018302
魚沼市,34483,138.963775,37.236431
南魚沼市,54851,138.876081,37.065522
胎内市,28509,139.41035,38.059708
聖籠町,14259,139.274374,37.974526
弥彦村,7705,138.855252,37.691007
田上町,11227,139.057993,37.698857
阿賀町,9965,139.458781,37.675487
出雲崎町,4113,138.709361,37.530715
湯沢町,7767,138.817424,36.934007
津南町,8989,138.652547,37.014313
刈羽村,4380,138.622442,37.422361
関川村,5144,139.564957,38.089412
粟島浦村,353,139.25436,38.468213
富山市,413938,137.213449,36.695982
高岡市,166393,137.025717,36.754099
魚津市,40535,137.40919,36.827367
氷見市,43950,136.972868,36.855978
滑川市,32349,137.34118,36.764394
黒部市,39638,137.448028,36.87151
砺波市,48154,136.962167,36.647467
小矢部市,28983,136.868653,36.675531
南砺市,47937,136.875434,36.557453
射水市,90742,137.075399,36.730479
舟橋村,3132,137.307372,36.703525
上市町,19351,137.362586,36.698429
立山町,24792,137.313658,36.663346
入善町,23839,137.502128,36.933578
朝日町,11081,137.559868,36.946179
金沢市,463254,136.656633,36.561051
七尾市,50300,136.967296,37.043108
小松市,106216,136.445588,36.408357
輪島市,24608,136.899172,37.390554
珠洲市,12929,137.260406,37.436369
加賀市,63220,136.314685,36.302669
羽咋市,20407,136.778999,36.893599
かほく市,34889,136.706668,36.719973
白山市,110408,136.565833,36.514427
能美市,48523,136.554028,36.446888
野々市市,57238,136.609685,36.519466
川北町,6135,136.542407,36.468505
津幡町,36957,136.728885,36.668798
内灘町,26574,136.645125,36.65353
志賀町,18630,136.77801,37.006187
宝達志水町,12121,136.797557,36.862759
中能登町,16540,136.901476,36.98889
穴水町,7890,136.912479,37.230874
能登町,15687,137.147782,37.310414
福井市,262328,136.219452,36.06412
敦賀市,64264,136.055437,35.645588
小浜市,28991,135.746647,35.495593
大野市,31286,136.487692,35.980564
勝山市,22150,136.500542,36.060917
鯖江市,68302,136.184238,35.956565
あわら市,27524,136.229012,36.211361
越前市,80611,136.168989,35.90392
坂井市,88481,136.231501,36.166805
永平寺町,18965,136.298724,36.092248
池田町,2423,136.344079,35.890383
南越前町,10002,136.194435,35.83515
越前町,20118,136.129191,35.974199
美浜町,9179,135.940619,35.6006
高浜町,10326,135.545969,35.487904
おおい町,7910,135.617885,35.481128
若狭町,14003,135.908384,35.548882
甲府市,189591,138.568339,35.662033
富士吉田市,46530,138.807857,35.487499
都留市,31016,138.90547,35.551565
山梨市,33435,138.686955,35.693429
大月市,22512,138.940041,35.610474
韮崎市,29067,138.446192,35.708804
南アルプス市,69459,138.465005,35.608361
北杜市,44053,138.423537,35.776501
甲斐市,75313,138.515796,35.660829
笛吹市,66947,138.63973,35.647296
上野原市,22669,139.108751,35.630301
甲州市,29237,138.729424,35.704286
中央市,31216,138.517269,35.599643
市川三郷町,14700,138.502406,35.56512
早川町,1098,138.363192,35.412658
身延町,10663,138.442488,35.467569
南部町,7156,138.486054,35.2423
富士川町,14219,138.461305,35.561163
昭和町,20909,138.535148,35.627928
道志村,1607,139.033429,35.528025
西桂町,4041,138.84688,35.524082
忍野村,9237,138.847853,35.460062
山中湖村,5179,138.861078,35.410644
鳴沢村,2824,138.706609,35.481318
富士河口湖町,26082,138.754926,35.497297
小菅村,684,138.940283,35.760274
丹波山村,530,138.92225,35.789716
長野市,372760,138.194287,36.648631
松本市,241145,137.971992,36.238096
上田市,154055,138.248676,36.401978
岡谷市,47790,138.049557,36.067003
飯田市,98164,137.821824,35.514703
諏訪市,48729,138.113984,36.039175
須坂市,49559,138.307275,36.651117
小諸市,40991,138.426021,36.326874
伊那市,66125,137.954083,35.827478
駒ヶ根市,32202,137.933993,35.728861
中野市,42338,138.36947,36.742027
大町市,26029,137.851169,36.502976
飯山市,19539,138.365498,36.851745
茅野市,56400,138.158896,35.995571
塩尻市,67241,137.95338,36.11502
佐久市,98199,138.476831,36.248788
千曲市,58852,138.114895,36.530707
東御市,30122,138.330295,36.35955
安曇野市,94222,137.905755,36.303933
小海町,4353,138.483515,36.095241
川上村,4344,138.578605,35.975487
南牧村,3242,138.492185,36.020907
南相木村,962,138.54689,36.036072
北相木村,752,138.551203,36.059195
佐久穂町,10218,138.483425,36.16098
軽井沢町,19188,138.596966,36.34831
御代田町,15555,138.506505,36.322732
立科町,6612,138.315991,36.272089
青木村,4121,138.128698,36.369998
長和町,5600,138.258071,36.269903
下諏訪町,19155,138.080068,36.069577
富士見町,14084,138.24074,35.914652
原村,7680,138.217471,35.964354
辰野町,18555,137.987428,35.982413
箕輪町,24989,137.981992,35.91502
飯島町,9004,137.919523,35.676622
南箕輪村,15797,137.975084,35.872853
中川村,4651,137.945961,35.634617
宮田村,8569,137.944209,35.768882
松川町,12530,137.909667,35.597231
高森町,12811,137.878519,35.551542
阿南町,4299,137.81609,35.32362
阿智村,6068,137.747444,35.443791
平谷村,387,137.630083,35.323279
根羽村,852,137.581784,35.255296
下條村,3545,137.785926,35.39733
売木村,548,137.711191,35.271068
天龍村,1178,137.854244,35.276307
泰阜村,1542,137.846157,35.377434
喬木村,5973,137.873751,35.513823
豊丘村,6426,137.895791,35.551497
大鹿村,1023,138.034044,35.578234
上松町,4131,137.693235,35.782187
南木曽町,3915,137.608936,35.603787
木祖村,2692,137.783163,35.936307
王滝村,715,137.551076,35.809343
大桑村,3439,137.671432,35.68924
木曽町,10584,137.69133,35.841898
麻績村,2593,138.045267,36.456086
生坂村,1639,137.927484,36.425234
山形村,8400,137.87897,36.168104
朝日村,4279,137.867267,36.129115
筑北村,4149,138.011775,36.402654
池田町,9382,137.874499,36.421368
松川村,9599,137.854556,36.424045
白馬村,8575,137.861969,36.69807
小谷村,2647,137.908305,36.779206
坂城町,14004,138.180106,36.461839
小布施町,10660,138.312146,36.697478
高山村,6617,138.363261,36.67977
山ノ内町,11352,138.412621,36.744606
木島平村,4375,138.406966,36.857947
野沢温泉村,3279,138.440456,36.922728
信濃町,7739,138.206991,36.806379
小川村,2215,137.974801,36.617135
飯綱町,10296,138.23548,36.754421
栄村,1660,138.577359,36.987481
岐阜市,402557,136.759937,35.426201
大垣市,158286,136.612795,35.35989
高山市,84419,137.252206,36.146093
多治見市,106732,137.132078,35.332773
関市,85283,136.917895,35.495777
中津川市,76570,137.500616,35.487493
美濃市,19247,136.90757,35.544713
瑞浪市,37150,137.254639,35.36174
羽島市,65649,136.702718,35.319489
恵那市,47774,137.412817,35.44932
美濃加茂市,56689,137.015664,35.440242
土岐市,55348,137.183205,35.352497
各務原市,144521,136.848479,35.398621
可児市,99968,137.061075,35.426132
山県市,25280,136.781401,35.506111
瑞穂市,56388,136.690784,35.391826
飛騨市,22538,137.186246,36.238144
本巣市,32928,136.678771,35.483052
郡上市,38997,136.964368,35.748569
下呂市,30428,137.244061,35.805879
海津市,32735,136.636612,35.22047
岐南町,25881,136.78262,35.389594
笠松町,22208,136.763192,35.367222
養老町,26882,136.561359,35.308411
垂井町,26402,136.537944,35.366268
関ケ原町,6610,136.466976,35.365523
神戸町,18585,136.608517,35.417349
輪之内町,9654,136.637444,35.285113
安八町,14355,136.665415,35.335418
揖斐川町,19529,136.5682,35.486948
大野町,22041,136.627636,35.470675
池田町,23360,136.572851,35.4423
北方町,18139,136.684408,35.435721
坂祝町,8071,136.98537,35.426734
富加町,5626,136.979707,35.484761
川辺町,9860,137.070605,35.486548
七宗町,3402,137.119946,35.54384
八百津町,10195,137.141499,35.475988
白川町,7412,137.187821,35.581862
東白川村,2016,137.323745,35.64256
御嵩町,17516,137.130885,35.434493
白川村,1511,136.898542,36.270904
静岡市,693389,138.382388,34.975473
浜松市,790718,137.726117,34.710865
沼津市,189386,138.863337,35.095723
熱海市,34208,139.071546,35.095987
三島市,107783,138.918501,35.118483
富士宮市,128105,138.621656,35.221983
伊東市,65491,139.102048,34.96568
島田市,95719,138.176055,34.836417
富士市,245392,138.676311,35.161386
磐田市,166672,137.851511,34.717881
焼津市,136845,138.322812,34.86717
掛川市,114954,137.998403,34.768717
藤枝市,141342,138.257548,34.867349
御殿場市,86614,138.934506,35.308615
袋井市,87864,137.924624,34.75016
下田市,20183,138.945316,34.679536
裾野市,50911,138.906724,35.173891
湖西市,57885,137.531617,34.718474
伊豆市,28190,138.946715,34.976591
御前崎市,31103,138.128117,34.637977
菊川市,47789,138.084539,34.757721
伊豆の国市,46804,138.928885,35.027713
牧之原市,43502,138.224641,34.740059
東伊豆町,11488,139.041265,34.772816
河津町,6870,138.987622,34.757018
南伊豆町,7877,138.858533,34.651089
松崎町,6038,138.778757,34.752763
西伊豆町,7090,138.775334,34.771693
函南町,36794,138.953348,35.088937
清水町,31710,138.90272,35.099015
長泉町,43336,138.897258,35.137712
小山町,18568,138.987296,35.36011
吉田町,28919,138.251943,34.77087
川根本町,6206,138.081695,35.046822
森町,17457,137.927088,34.835601
名古屋市,2332176,136.906421,35.181433
豊橋市,371920,137.391469,34.769199
岡崎市,384654,137.172999,34.954809
一宮市,380073,136.802344,35.304013
瀬戸市,127792,137.084117,35.22362
半田市,117884,136.93785,34.892626
春日井市,308681,136.972232,35.247664
豊川市,184661,137.375578,34.826784
津島市,60942,136.741236,35.17704
碧南市,72458,136.993362,34.884782
刈谷市,153834,137.00206,34.988864
豊田市,422330,137.156224,35.082345
安城市,187990,137.080297,34.958644
西尾市,169046,137.061741,34.862009
蒲郡市,79538,137.219653,34.826439
犬山市,73090,136.944625,35.378641
常滑市,58710,136.854483,34.896088
江南市,98255,136.870453,35.331953
小牧市,148831,136.910948,35.290311
稲沢市,134751,136.780216,35.248135
新城市,44355,137.497858,34.899012
東海市,113787,136.902229,35.022976
大府市,93123,136.963868,35.011611
知多市,84364,136.864755,34.996533
知立市,72193,137.050843,35.001285
尾張旭市,83144,137.035412,35.216568
高浜市,46106,136.98766,34.92763
岩倉市,47983,136.871428,35.279433
豊明市,69295,137.013124,35.053756
日進市,91520,137.039414,35.132018
田原市,59360,137.26383,34.668972
愛西市,60829,136.728217,35.152802
清須市,67352,136.852934,35.199848
北名古屋市,86385,136.865961,35.245657
弥富市,43025,136.72477,35.110124
みよし市,61952,137.074728,35.089699
あま市,86126,136.783227,35.200498
長久手市,60162,137.048631,35.18412
東郷町,43903,137.052623,35.09679
豊山町,15613,136.911977,35.250462
大口町,24305,136.907694,35.332444
扶桑町,34133,136.913079,35.35914
大治町,32399,136.8201,35.175089
蟹江町,37338,136.786679,35.132339
飛島村,4575,136.791157,35.078804
阿久比町,28383,136.915512,34.932569
東浦町,49596,136.965569,34.977139
南知多町,16617,136.929934,34.715169
美浜町,22496,136.908251,34.778843
武豊町,43535,136.914937,34.85097
幸田町,42449,137.165667,34.864425
設楽町,4437,137.571225,35.097298
東栄町,2942,137.697833,35.07693
豊根村,1017,137.719871,35.146394
津市,274537,136.505443,34.718563
四日市市,305424,136.624427,34.965092
伊勢市,122765,136.709286,34.487506
松阪市,159145,136.527595,34.577974
桑名市,138613,136.683539,35.062288
鈴鹿市,195670,136.584185,34.881866
名張市,76387,136.108299,34.627662
尾鷲市,16252,136.190998,34.070799
亀山市,49835,136.451645,34.855755
鳥羽市,17525,136.843378,34.481432
熊野市,15965,136.100288,33.88862
いなべ市,44973,136.516697,35.158426
志摩市,46057,136.829655,34.328218
伊賀市,88766,136.142286,34.749886
木曽岬町,6023,136.731353,35.075958
東員町,25784,136.583756,35.074125
菰野町,40559,136.507346,35.020001
朝日町,11021,136.664366,35.034221
川越町,15123,136.673971,35.02295
多気町,14021,136.546149,34.496156
明和町,22445,136.623251,34.547528
大台町,8668,136.407876,34.39337
玉城町,15041,136.630932,34.490276
度会町,7847,136.62251,34.4389
大紀町,7815,136.415798,34.358023
南伊勢町,10989,136.70365,34.352059
紀北町,14604,136.337275,34.211469
御浜町,8079,136.048677,33.814505
紀宝町,10321,136.009715,33.73387
大津市,345070,135.854666,35.018357
彦根市,113647,136.259623,35.274464
長浜市,113636,136.278384,35.380758
近江八幡市,81122,136.097846,35.128214
草津市,143913,135.959994,35.013123
守山市,83236,135.99402,35.058663
栗東市,68820,135.997993,35.021614
甲賀市,88358,136.167084,34.96612
野洲市,50513,136.025873,35.06747
湖南市,54460,136.084693,35.004106
高島市,46377,136.035785,35.353052
東近江市,112819,136.20762,35.112603
米原市,37225,136.291402,35.315046
日野町,20964,136.246023,35.018018
竜王町,11789,136.124438,35.06075
愛荘町,20893,136.212306,35.168834
豊郷町,7132,136.230302,35.200171
甲良町,6362,136.26135,35.204224
多賀町,7274,136.292199,35.222035
京都市,1463723,135.768181,35.011574
福知山市,77306,135.126532,35.296725
舞鶴市,80336,135.385992,35.474797
綾部市,31846,135.258812,35.298916
宇治市,179630,135.79978,34.8844
宮津市,16758,135.195567,35.535577
亀岡市,86174,135.573512,35.013475
城陽市,74607,135.780074,34.852958
向日市,56859,135.698402,34.948392
長岡京市,80608,135.695685,34.926782
八幡市,70433,135.707571,34.875533
京田辺市,73753,135.767842,34.814442
京丹後市,50860,135.060997,35.624169
南丹市,31629,135.470239,35.10739
木津川市,77907,135.820058,34.737179
大山崎町,15953,135.688476,34.902795
久御山町,15250,135.732564,34.881502
井手町,7406,135.803308,34.798373
宇治田原町,8911,135.868238,34.845154
笠置町,1144,135.93938,34.760497
和束町,3478,135.904866,34.795726
精華町,36198,135.785686,34.760819
南山城村,2391,135.993665,34.772787
京丹波町,12907,135.419305,35.169997
伊根町,1928,135.272853,35.675172
与謝野町,20092,135.152916,35.565375
大阪市,2752412,135.502046,34.693891
堺市,826161,135.48302,34.573354
岸和田市,190658,135.370871,34.460597
豊中市,401558,135.469889,34.781239
池田市,104993,135.428555,34.821686
吹田市,385567,135.516799,34.759405
泉大津市,74412,135.410472,34.504268
高槻市,352698,135.617216,34.8461
貝塚市,84443,135.358119,34.437408
守口市,143096,135.561724,34.735811
枚方市,397289,135.650642,34.814465
茨木市,287730,135.568503,34.816153
八尾市,264642,135.600948,34.626884
泉佐野市,100131,135.327337,34.406839
富田林市,108699,135.59728,34.499675
寝屋川市,229733,135.628008,34.766079
河内長野市,101692,135.564119,34.458107
松原市,117641,135.551786,34.577901
大東市,119367,135.623471,34.712013
和泉市,184495,135.423306,34.483151
箕面市,136868,135.470379,34.826929
柏原市,68775,135.629246,34.578286
羽曳野市,108736,135.606226,34.558002
門真市,119764,135.586899,34.739145
摂津市,87456,135.561886,34.777387
高石市,55635,135.442395,34.520673
藤井寺市,63688,135.597476,34.574283
東大阪市,493940,135.600898,34.679324
泉南市,60102,135.2733,34.366007
四條畷市,55177,135.639727,34.740064
交野市,75033,135.679978,34.787958
大阪狭山市,58435,135.555748,34.503718
阪南市,51254,135.239656,34.359594
島本町,30927,135.663009,34.883819
豊能町,18279,135.494096,34.91885
能勢町,9079,135.413888,34.973436
忠岡町,16567,135.401497,34.487125
熊取町,43763,135.355863,34.401308
田尻町,8434,135.291176,34.393782
岬町,14741,135.142085,34.3169
太子町,13009,135.647734,34.518656
河南町,15697,135.62988,34.491637
千早赤阪村,4909,135.622531,34.464601
神戸市,1525152,135.195728,34.689495
姫路市,530495,134.685458,34.815496
尼崎市,459593,135.406394,34.733554
明石市,303601,134.997182,34.643109
西宮市,485587,135.34183,34.737691
洲本市,41236,134.895653,34.342522
芦屋市,93922,135.304179,34.726522
伊丹市,198138,135.400362,34.784568
相生市,28355,134.468193,34.803662
豊岡市,77489,134.820187,35.544475
加古川市,260878,134.8409,34.75662
赤穂市,45892,134.390354,34.754974
西脇市,38673,134.97973,34.98343
宝塚市,226432,135.360098,34.799817
三木市,75294,134.990188,34.796922
高砂市,87722,134.790509,34.766321
川西市,152321,135.417222,34.830132
小野市,47562,134.939881,34.85788
三田市,109238,135.22529,34.889672
加西市,42700,134.841819,34.927811
丹波篠山市,39611,135.219002,35.075673
養父市,22129,134.767668,35.40464
丹波市,61471,135.035816,35.177259
南あわじ市,44137,134.779952,34.294417
朝来市,28989,134.853117,35.339835
淡路市,41967,134.914633,34.439847
宍粟市,34819,134.549377,35.004435
加東市,40645,134.973345,34.91737
たつの市,74316,134.545397,34.857847
猪名川町,29680,135.376164,34.894966
多可町,19261,134.923359,35.050315
稲美町,30268,134.913384,34.748627
播磨町,33604,134.867911,34.715302
市川町,11231,134.763289,34.989365
福崎町,19377,134.760245,34.950319
神河町,10616,134.739856,35.064235
太子町,33477,134.572319,34.833246
上郡町,13879,134.356098,34.873583
佐用町,15863,134.355771,35.004296
香美町,16064,134.629175,35.632169
新温泉町,13318,134.448942,35.623509
奈良市,354630,135.804995,34.685117
大和高田市,61744,135.737387,34.51575
大和郡山市,83285,135.782715,34.649616
天理市,63889,135.837367,34.596617
橿原市,120922,135.792756,34.509453
桜井市,54857,135.84274,34.51884
五條市,27927,135.695556,34.356358
御所市,24096,135.740177,34.46334
生駒市,116675,135.700553,34.691979
香芝市,78113,135.699162,34.541295
葛城市,36832,135.726563,34.489158
宇陀市,28121,135.952303,34.528073
山添村,3226,136.043797,34.681261
平群町,18009,135.700711,34.629155
三郷町,23219,135.695425,34.599977
斑鳩町,27587,135.730593,34.608852
安堵町,7225,135.756781,34.606488
川西町,8167,135.773871,34.584383
三宅町,6439,135.773177,34.573678
田原本町,31177,135.79494,34.556667
曽爾村,1295,136.124475,34.510664
御杖村,1479,136.16591,34.488391
高取町,6729,135.793168,34.449468
明日香村,5179,135.820633,34.471281
上牧町,21714,135.716674,34.562723
王寺町,24043,135.706705,34.594696
広陵町,33810,135.750842,34.54274
河合町,17018,135.736699,34.578369
吉野町,6229,135.857612,34.396046
大淀町,16728,135.789798,34.390529
下市町,5037,135.791872,34.360951
黒滝村,623,135.85225,34.309276
天川村,1176,135.855135,34.241929
野迫川村,357,135.63303,34.166293
十津川村,3061,135.792611,33.988504
下北山村,753,135.955178,34.00508
上北山村,444,136.000149,34.134321
川上村,1156,135.954303,34.338121
東吉野村,1502,135.968307,34.403541
和歌山市,356729,135.170808,34.230514
海南市,48369,135.239675,34.157533
橋本市,60818,135.605208,34.314876
有田市,26538,135.127727,34.083104
御坊市,23481,135.152406,33.891412
田辺市,69870,135.377662,33.72801
新宮市,27171,135.992525,33.724224
紀の川市,58816,135.362576,34.269538
岩出市,53967,135.311451,34.256267
紀美野町,8256,135.307575,34.167192
かつらぎ町,15967,135.503802,34.296416
九度山町,3856,135.562242,34.287192
高野町,2970,135.586536,34.216077
湯浅町,11122,135.190427,34.029418
広川町,6781,135.173072,34.029957
有田川町,25258,135.216116,34.057488
美浜町,6867,135.133265,33.893806
日高町,7673,135.141072,33.925677
由良町,5364,135.118187,33.959251
印南町,7720,135.222515,33.819533
みなべ町,11818,135.321434,33.772333
日高川町,9219,135.186,33.911693
白浜町,20262,135.348108,33.678188
上富田町,15236,135.428802,33.696352
すさみ町,3685,135.496678,33.550062
那智勝浦町,14137,135.941042,33.625988
太地町,2791,135.943964,33.594037
古座川町,2480,135.814999,33.53199
北山村,404,135.969303,33.9321
串本町,14959,135.787016,33.485686
鳥取市,188465,134.222154,35.494452
米子市,147317,133.330939,35.428136
倉吉市,46485,133.825561,35.430182
境港市,32740,133.2316,35.539606
岩美町,10799,134.332087,35.575896
若桜町,2864,134.400992,35.340149
智頭町,6427,134.226587,35.265081
八頭町,15937,134.250526,35.409211
三朝町,6060,133.861742,35.408461
湯梨浜町,16055,133.864681,35.489915
琴浦町,16365,133.692779,35.495184
北栄町,14228,133.758294,35.490011
日吉津村,3501,133.380808,35.440179
大山町,15370,133.496123,35.510779
南部町,10323,133.326829,35.34033
伯耆町,10696,133.407384,35.38523
日南町,4196,133.306255,35.163311
日野町,2907,133.442659,35.240793
江府町,2672,133.479132,35.275893
松江市,203616,133.048527,35.468039
浜田市,54592,132.079883,34.899255
出雲市,172775,132.754712,35.366917
益田市,45003,131.842862,34.674814
大田市,32846,132.499351,35.19209
安来市,37062,133.250851,35.431451
江津市,22959,132.217754,35.011621
雲南市,36007,132.900345,35.307718
奥出雲町,11849,133.002549,35.197428
飯南町,4577,132.713872,35.00004
川本町,3248,132.495853,34.995211
美郷町,4355,132.590543,35.076512
邑南町,10163,132.437976,34.893934
津和野町,6875,131.83508,34.541961
吉賀町,6077,131.935137,34.35351
海士町,2267,133.096701,36.096561
西ノ島町,2788,133.013467,36.091825
知夫村,634,133.039372,36.013927
隠岐の島町,13433,133.311818,36.213394
岡山市,724691,133.919566,34.655107
倉敷市,474592,133.772281,34.584677
津山市,99937,134.004543,35.069118
玉野市,56531,133.946012,34.491979
笠岡市,46088,133.507441,34.507182
井原市,38384,133.463798,34.597709
総社市,69030,133.746531,34.67281
高梁市,29072,133.616678,34.791361
新見市,28079,133.470345,34.977058
備前市,32320,134.188803,34.745183
瀬戸内市,36048,134.092849,34.664893
赤磐市,42661,134.018848,34.755396
真庭市,42725,133.752756,35.075591
美作市,25939,134.148578,35.008594
浅口市,32772,133.584911,34.527834
和気町,13623,134.157539,34.802882
早島町,12368,133.828304,34.600822
里庄町,10950,133.556886,34.51374
矢掛町,13414,133.587085,34.627596
新庄村,813,133.567638,35.179367
鏡野町,12062,133.93303,35.091772
勝央町,10888,134.116172,35.04179
奈義町,5578,134.177427,35.123024
西粟倉村,1398,134.335689,35.171765
久米南町,4530,133.960647,34.929179
美咲町,13053,133.958149,34.997967
吉備中央町,10886,133.6935,34.863404
広島市,1200754,132.455337,34.385253
呉市,214592,132.565805,34.249254
竹原市,23993,132.907091,34.341794
三原市,90573,133.078525,34.39747
尾道市,131170,133.205628,34.409162
福山市,460930,133.36234,34.485927
府中市,37655,133.236323,34.568349
三次市,50681,132.85179,34.805627
庄原市,33633,133.017264,34.857743
大竹市,26319,132.222361,34.237952
東広島市,196608,132.743746,34.426787
廿日市市,114173,132.331541,34.348416
安芸高田市,26448,132.703977,34.666099
江田島市,21930,132.46221,34.174967
府中町,51155,132.504544,34.392589
海田町,29636,132.536155,34.372159
熊野町,22834,132.584604,34.335783
坂町,12582,132.513639,34.341282
安芸太田町,5740,132.227141,34.576731
北広島町,17763,132.538427,34.674541
大崎上島町,7158,132.914963,34.269552
世羅町,15125,133.056631,34.586837
神石高原町,8250,133.251651,34.703612
下関市,255051,130.940935,33.957279
宇部市,162570,131.24731,33.951824
山口市,193966,131.473511,34.178178
萩市,44626,131.399104,34.408107
防府市,113979,131.562627,34.051756
下松市,55887,131.870317,34.015038
岩国市,129125,132.218942,34.1665
光市,49798,131.942296,33.961916
長門市,32519,131.182198,34.370959
柳井市,30799,132.101597,33.963839
美祢市,23247,131.205703,34.16667
周南市,137540,131.806293,34.055135
山陽小野田市,60326,131.181786,34.003089
周防大島町,14798,132.19532,33.927628
和木町,6034,132.220405,34.202408
上関町,2342,132.110214,33.830795
田布施町,14483,132.041366,33.954677
平生町,11914,132.073607,33.938193
阿武町,3055,131.47136,34.503352
徳島市,252391,134.554713,34.070234
鳴門市,54622,134.6088,34.17259
小松島市,36149,134.590603,34.004713
阿南市,69470,134.659566,33.921762
吉野川市,38772,134.358667,34.066235
阿波市,34713,134.297456,34.102138
美馬市,28055,134.169725,34.053387
三好市,23605,133.80718,34.026044
勝浦町,4837,134.511251,33.931453
上勝町,1380,134.401819,33.888841
佐那河内村,2058,134.457703,33.993786
石井町,24833,134.440764,34.074698
神山町,4647,134.350531,33.967225
那賀町,7367,134.496736,33.857497
牟岐町,3743,134.420661,33.668312
美波町,6222,134.535413,33.734573
海陽町,8358,134.351866,33.602043
松茂町,14583,134.580537,34.133849
北島町,22745,134.546985,34.125594
藍住町,35246,134.495112,34.126776
板野町,13042,134.462616,34.144364
上板町,11384,134.404999,34.121365
つるぎ町,7715,134.064051,34.037307
東みよし町,13622,133.93676,34.036785
高松市,417496,134.046574,34.342791
丸亀市,109513,133.798713,34.289886
坂出市,50624,133.860493,34.316692
善通寺市,31631,133.787188,34.22716
観音寺市,57438,133.661597,34.12737
さぬき市,47003,134.171989,34.32521
東かがわ市,28279,134.358837,34.243803
三豊市,61857,133.715203,34.182556
土庄町,12846,134.188629,34.486653
小豆島町,13870,134.30888,34.479714
三木町,26878,134.134363,34.268355
直島町,3103,133.995638,34.45983
宇多津町,18699,133.825566,34.310301
綾川町,22693,133.923099,34.249613
琴平町,8468,133.823303,34.19142
多度津町,22445,133.758553,34.272711
まんのう町,17401,133.841393,34.192334
松山市,511192,132.765556,33.839157
今治市,151672,132.997658,34.066043
宇和島市,70809,132.560563,33.22334
八幡浜市,31987,132.423334,33.462898
新居浜市,115938,133.283379,33.960329
西条市,104791,133.181186,33.919615
大洲市,40575,132.544514,33.506285
伊予市,35133,132.703778,33.757461
四国中央市,82754,133.549188,33.980694
西予市,35388,132.510967,33.363017
東温市,33903,132.872299,33.791027
上島町,6509,133.204492,34.257467
久万高原町,7404,132.901665,33.655603
松前町,29630,132.711364,33.787479
砥部町,20480,132.792233,33.74926
内子町,15322,132.658083,33.532937
伊方町,8397,132.353998,33.488593
松野町,3674,132.711304,33.227142
鬼北町,9682,132.684032,33.255792
愛南町,19601,132.583326,32.962168
高知市,326545,133.531094,33.558722
室戸市,11742,134.151981,33.289955
安芸市,16243,133.907074,33.502416
南国市,46664,133.64146,33.575673
土佐市,25732,133.425055,33.495999
須崎市,20590,133.282959,33.400745
宿毛市,19033,132.702033,32.934013
土佐清水市,12388,132.9551,32.781603
四万十市,32694,132.93375,32.991385
香南市,32207,133.700788,33.564362
香美市,26513,133.686245,33.60386
東洋町,2194,134.279968,33.527976
奈半利町,3034,134.020957,33.424179
田野町,2498,134.008209,33.427713
安田町,2370,133.981215,33.43908
北川村,1146,134.042069,33.447694
馬路村,745,134.048114,33.555347
芸西村,3694,133.808942,33.526915
本山町,3261,133.591481,33.757028
大豊町,3252,133.643036,33.768665
土佐町,3753,133.531791,33.737026
大川村,366,133.466613,33.783927
いの町,21374,133.427583,33.548689
仁淀川町,4827,133.171,33.575286
中土佐町,6002,133.224785,33.329273
佐川町,12323,133.286642,33.500809
越知町,5187,133.252221,33.532848
梼原町,3307,132.927065,33.39217
日高村,4812,133.373201,33.535083
津野町,5291,133.199377,33.446666
四万十町,15607,133.137037,33.211606
大月町,4434,132.70699,32.841481
三原村,1437,132.84725,32.90609
黒潮町,10262,133.004158,33.024965
北九州市,939029,130.875183,33.883408
福岡市,1612392,130.401735,33.590313
大牟田市,111281,130.446058,33.030248
久留米市,303316,130.508371,33.319286
直方市,56212,130.729652,33.744181
飯塚市,126364,130.691422,33.646083
田川市,46203,130.806298,33.63876
柳川市,64475,130.405739,33.163064
八女市,60608,130.557912,33.211952
筑後市,48827,130.502151,33.212246
大川市,32988,130.383922,33.206622
行橋市,71426,130.982963,33.728762
豊前市,24391,131.129941,33.611538
中間市,40362,130.709026,33.816699
小郡市,59360,130.555541,33.39645
筑紫野市,103311,130.526007,33.487386
春日市,111023,130.470368,33.532629
大野城市,102085,130.478697,33.53629
宗像市,97095,130.540651,33.805448
太宰府市,73164,130.523876,33.512835
古賀市,58786,130.469995,33.728664
福津市,67033,130.491038,33.766897
うきは市,27981,130.754928,33.347305
宮若市,26298,130.667417,33.723666
嘉麻市,35473,130.719217,33.598421
朝倉市,50273,130.665573,33.423412
みやま市,35861,130.474734,33.152434
糸島市,98877,130.1955,33.55745
那珂川市,50112,130.4222,33.499597
宇美町,37671,130.511208,33.567768
篠栗町,31209,130.526207,33.623869
志免町,46377,130.479807,33.591503
須恵町,28628,130.507234,33.587268
新宮町,32927,130.446567,33.715313
久山町,9068,130.499906,33.646726
粕屋町,48190,130.480582,33.610854
芦屋町,13545,130.663874,33.893862
水巻町,28114,130.694783,33.85485
岡垣町,31007,130.611749,33.853491
遠賀町,18723,130.668341,33.848166
小竹町,7151,130.707784,33.696782
鞍手町,15080,130.674008,33.792112
桂川町,12878,130.678118,33.578889
筑前町,29591,130.595183,33.457033
東峰村,1899,130.869919,33.397314
大刀洗町,15521,130.622454,33.372425
大木町,13820,130.439806,33.210453
広川町,19969,130.551397,33.241245
香春町,10191,130.847401,33.668006
添田町,8801,130.854088,33.571816
糸田町,8407,130.778958,33.652736
川崎町,15176,130.814915,33.599956
大任町,5008,130.853742,33.612164
赤村,2774,130.870855,33.616692
福智町,21398,130.78012,33.683263
苅田町,37684,130.980475,33.776006
みやこ町,18825,130.920096,33.699236
吉富町,6536,131.175951,33.602643
上毛町,7251,131.164207,33.578425
築上町,17189,131.055784,33.656381
佐賀市,233301,130.300835,33.263543
唐津市,117373,129.96768,33.449801
鳥栖市,74196,130.506244,33.377758
多久市,18295,130.110061,33.288513
伊万里市,52629,129.880702,33.264741
武雄市,47914,130.021557,33.194873
鹿島市,27892,130.098603,33.103804
小城市,43952,130.21728,33.273776
嬉野市,25848,130.06012,33.128092
神埼市,31022,130.371662,33.311423
吉野ヶ里町,16323,130.398753,33.321148
基山町,17250,130.523052,33.426944
上峰町,9286,130.426137,33.319626
みやき町,25511,130.45459,33.324943
玄海町,5609,129.874689,33.472164
有田町,19010,129.849014,33.210574
大町町,6293,130.116032,33.213871
江北町,9566,130.15731,33.220464
白石町,22051,130.143493,33.181082
太良町,8121,130.179126,33.019436
長崎市,409118,129.877906,32.750311
佐世保市,243223,129.71509,33.179904
島原市,43338,130.3703,32.787998
諫早市,133852,130.053601,32.844208
大村市,95397,129.958217,32.89996
平戸市,29365,129.553671,33.368065
松浦市,21271,129.709047,33.341023
対馬市,28502,129.287518,34.202643
壱岐市,24948,129.691377,33.749978
五島市,34391,128.84089,32.695777
西海市,26275,129.642962,32.933117
雲仙市,41096,130.187508,32.835214
南島原市,42330,130.297783,32.659716
長与町,40780,129.875071,32.82517
時津町,29339,129.848527,32.828885
東彼杵町,7721,129.917149,33.037031
川棚町,13377,129.8616,33.072743
波佐見町,14291,129.895548,33.13789
小値賀町,2288,129.058766,33.191074
佐々町,13912,129.650353,33.238426
新上五島町,17503,129.073401,32.984553
熊本市,738865,130.707897,32.803078
八代市,123067,130.601808,32.507498
人吉市,31108,130.760157,32.205633
荒尾市,50832,130.433036,32.986838
水俣市,23557,130.408725,32.211883
玉名市,64292,130.562877,32.935266
山鹿市,49025,130.691297,33.016728
菊池市,46416,130.813241,32.979485
宇土市,36122,130.658562,32.687292
上天草市,24563,130.430405,32.587422
宇城市,57032,130.684287,32.647814
阿蘇市,24930,131.121389,32.952222
天草市,75783,130.19301,32.458621
合志市,61772,130.789726,32.885996
美里町,9392,130.789007,32.639609
玉東町,5045,130.628593,32.918905
南関町,8979,130.54364,33.059565
長洲町,15372,130.4527,32.929756
和水町,9342,130.605813,32.978158
大津町,35187,130.868653,32.877904
菊陽町,43337,130.828654,32.862515
南小国町,3750,131.070724,33.098192
小国町,6590,131.068157,33.121568
産山村,1382,131.216799,32.995747
高森町,5789,131.122023,32.827271
西原村,6426,130.903036,32.834719
南阿蘇村,9836,131.017881,32.845046
御船町,16303,130.801821,32.714585
嘉島町,9547,130.757303,32.740072
益城町,32510,130.817015,32.800608
甲佐町,10132,130.811466,32.651356
山都町,13503,130.990443,32.685387
氷川町,11094,130.673753,32.582402
芦北町,15681,130.493119,32.299102
津奈木町,4254,130.439621,32.233892
錦町,10288,130.840902,32.200987
多良木町,9076,130.935795,32.264039
湯前町,3627,130.980987,32.276144
水上村,2033,131.009541,32.314379
相良村,4070,130.797985,32.23526
五木村,931,130.827833,32.397343
山江村,3238,130.767136,32.246465
球磨村,2433,130.651274,32.252621
あさぎり町,14676,130.897827,32.240321
苓北町,7114,130.05472,32.513413
大分市,475614,131.609377,33.239526
別府市,115321,131.491328,33.284642
中津市,82863,131.18824,33.598302
日田市,62657,130.94131,33.321041
佐伯市,66851,131.899499,32.960204
臼杵市,36158,131.804638,33.125948
津久見市,16100,131.861219,33.072339
竹田市,20332,131.397838,32.973673
豊後高田市,22112,131.446931,33.556202
杵築市,27999,131.616089,33.417029
宇佐市,52771,131.350337,33.532327
豊後大野市,33695,131.585011,32.978152
由布市,32772,131.426792,33.179996
国東市,26232,131.732264,33.563327
姫島村,1725,131.645143,33.724536
日出町,27723,131.532536,33.369442
九重町,8541,131.188797,33.228521
玖珠町,14386,131.151553,33.283135
宮崎市,401339,131.420244,31.907676
都城市,160640,131.061497,31.719519
延岡市,118394,131.664859,32.582401
日南市,50848,131.378731,31.601932
小林市,43670,130.972674,31.996657
日向市,59629,131.623962,32.422947
串間市,16822,131.228306,31.464539
西都市,28610,131.400948,32.107862
えびの市,17638,130.810841,32.045347
三股町,25591,131.12492,31.730686
高原町,8639,131.00787,31.928413
国富町,18398,131.323535,31.990646
綾町,6934,131.253182,31.999135
高鍋町,19922,131.503341,32.12799
新富町,16564,131.487984,32.068937
西米良村,1000,131.154452,32.226354
木城町,4895,131.473354,32.163784
川南町,15194,131.525816,32.192009
都農町,9906,131.55969,32.256434
門川町,17379,131.646471,32.470914
諸塚村,1486,131.330319,32.512184
椎葉村,2503,131.158228,32.467408
美郷町,4826,131.423106,32.440256
高千穂町,11642,131.307871,32.711651
日之影町,3635,131.380921,32.659422
五ヶ瀬町,3472,131.19691,32.68338
鹿児島市,593128,130.557339,31.596789
鹿屋市,101096,130.852223,31.378268
枕崎市,20033,130.296991,31.272922
阿久根市,19270,130.192622,32.014364
出水市,51994,130.352647,32.090458
指宿市,39011,130.633118,31.252805
西之表市,14708,130.997035,30.732453
垂水市,13819,130.70093,31.492758
薩摩川内市,92403,130.30395,31.813486
日置市,47153,130.402436,31.633709
曽於市,33310,131.019255,31.653622
霧島市,123135,130.763136,31.741015
いちき串木野市,27490,130.271934,31.714542
南さつま市,32887,130.323494,31.41657
志布志市,29329,131.099826,31.477513
奄美市,41390,129.49378,28.377273
南九州市,33080,130.441623,31.378251
伊佐市,24453,130.612934,32.057152
姶良市,76348,130.627758,31.728213
三島村,405,130.560735,31.594533
十島村,740,130.560588,31.593157
さつま町,20243,130.45534,31.906331
長島町,9705,130.176919,32.19932
湧水町,9119,130.721025,31.951654
大崎町,12385,131.005592,31.429102
東串良町,6237,130.973339,31.38579
錦江町,6944,130.787485,31.243572
南大隅町,6481,130.768442,31.217486
肝付町,14227,130.945223,31.344362
中種子町,7539,130.958847,30.532821
南種子町,5445,130.900937,30.413905
屋久島町,11858,130.651119,30.389893
大和村,1364,129.395262,28.358076
宇検村,1621,129.297208,28.280773
瀬戸内町,8546,129.314734,28.146484
龍郷町,5817,129.589355,28.4133
喜界町,6629,129.940035,28.316838
徳之島町,10147,129.018622,27.726329
天城町,5517,128.897749,27.81166
伊仙町,6139,128.937584,27.673583
和泊町,6246,128.655253,27.392559
知名町,5750,128.573732,27.333676
与論町,5115,128.421638,27.044947
那覇市,317625,127.679218,26.212295
宜野湾市,100125,127.778637,26.281581
石垣市,47637,124.185246,24.344419
浦添市,115690,127.721804,26.245816
名護市,63554,127.977474,26.591555
糸満市,61007,127.665823,26.123542
沖縄市,142752,127.805694,26.334354
豊見城市,64612,127.681225,26.177136
うるま市,125303,127.85748,26.379151
宮古島市,52931,125.294752,24.789971
南城市,44043,127.770625,26.16319
国頭村,4517,128.178303,26.745725
大宜味村,3092,128.120159,26.701712
東村,1598,128.15687,26.633284
今帰仁村,8894,127.972739,26.682527
本部町,12530,127.898175,26.658035
恩納村,10869,127.85357,26.497502
宜野座村,5833,127.975615,26.481585
金武町,10806,127.926011,26.456137
伊江村,4118,127.807014,26.71349
読谷村,41206,127.744424,26.396154
嘉手納町,13521,127.75538,26.361723
北谷町,28201,127.763901,26.320069
北中城村,17969,127.79295,26.30077
中城村,22157,127.789618,26.26201
西原町,34984,127.758819,26.222856
与那原町,19695,127.754456,26.199577
南風原町,40440,127.728554,26.191122
渡嘉敷村,718,127.364289,26.197331
座間味村,892,127.303205,26.228949
粟国村,683,127.226965,26.582431
渡名喜村,346,127.141122,26.37211
南大東村,1285,131.231872,25.828903
北大東村,590,131.298917,25.945712
伊平屋村,1126,127.96862,27.039169
伊是名村,1322,127.941226,26.928305
久米島町,7192,126.805021,26.340669
八重瀬町,30941,127.718649,26.15834
多良間村,1058,124.701693,24.669449
竹富町,3942,124.154522,24.339518
与那国町,1676,123.004496,24.468034
