jiscode,自治体,住所,緯度,経度,人口
1100,札幌市,札幌市中央区北1条西2丁目,43.061972,141.354374,1973395 
1202,函館市,函館市東雲町4-13,41.768712,140.729108,251084 
1203,小樽市,小樽市花園2-12-1,43.190753,140.994605,111299 
1204,旭川市,旭川市6条通9丁目,43.770799,142.364798,329306 
1205,室蘭市,室蘭市幸町1-2,42.315204,140.973784,82383 
1206,釧路市,釧路市黒金町7-5,42.984856,144.38167,165077 
1207,帯広市,帯広市西5条南7-1,42.924014,143.196195,166536 
1208,北見市,北見市大通西3丁目1番地1,43.803197,143.894925,115480 
1209,夕張市,夕張市本町4-2,43.056814,141.974069,7334 
1210,岩見沢市,岩見沢市鳩が丘1-1-1,43.196028,141.775355,79306 
1211,網走市,網走市南6条東4丁目,44.020631,144.273422,35759 
1212,留萌市,留萌市幸町1-11,43.940987,141.637009,20114 
1213,苫小牧市,苫小牧市旭町4-5-6,42.634094,141.605503,170113 
1214,稚内市,稚内市中央3-13-15,45.415675,141.673082,33563 
1215,美唄市,美唄市西3条南1-1-1,43.332951,141.853986,20413 
1216,芦別市,芦別市北1条東1-3,43.51821,142.189552,12555 
1217,江別市,江別市高砂町6,43.103666,141.536103,121056 
1218,赤平市,赤平市泉町4-1,43.558039,142.044223,9698 
1219,紋別市,紋別市幸町2-1-18,44.356332,143.354279,21215 
1220,士別市,士別市東6条4-1,44.178182,142.400927,17858 
1221,名寄市,名寄市大通南1-1,44.355924,142.463134,27282 
1222,三笠市,三笠市幸町2,43.245622,141.875342,8040 
1223,根室市,根室市常盤町2-27,43.330036,145.582903,24636 
1224,千歳市,千歳市東雲町2-34,42.821124,141.651139,97950 
1225,滝川市,滝川市大町1-2-15,43.557753,141.910371,39490 
1226,砂川市,砂川市西6条北2丁目1-1,43.494329,141.902525,16486 
1227,歌志内市,歌志内市字本町5,43.521682,142.035353,2989 
1228,深川市,深川市2条17-17,43.723184,142.053528,20039 
1229,富良野市,富良野市弥生町1-1,43.342354,142.383405,21131 
1230,登別市,登別市中央町6-11,42.412735,141.106556,46391 
1231,恵庭市,恵庭市京町1,42.882592,141.577799,70331 
1233,伊達市,伊達市鹿島町20-1,42.471898,140.864702,32826 
1234,北広島市,北広島市中央4-2-1,42.985663,141.563625,58171 
1235,石狩市,石狩市花川北6条1-30-2,43.171365,141.315514,56869 
1236,北斗市,北斗市中央1-3-10,41.824174,140.653067,44302 
1303,当別町,石狩郡当別町白樺町58-9,43.223637,141.517003,15916 
1304,新篠津村,石狩郡新篠津村第47線北13,43.225368,141.649247,3044 
1331,松前町,松前郡松前町字福山248番地1,41.429981,140.110403,6260 
1332,福島町,松前郡福島町字福島820,41.483783,140.251315,3794 
1333,知内町,上磯郡知内町字重内21-1,41.598377,140.418861,4167 
1334,木古内町,上磯郡木古内町字本町218,41.678332,140.437635,3832 
1337,七飯町,亀田郡七飯町本町6丁目1-1,41.895711,140.694405,27686 
1343,鹿部町,茅部郡鹿部町字鹿部252-1,42.026639,140.831672,3760 
1345,森町,茅部郡森町字御幸町144-1,42.104992,140.576446,14338 
1346,八雲町,二海郡八雲町住初町138,42.255918,140.265224,15826 
1347,長万部町,山越郡長万部町字長万部453-1,42.513488,140.380344,5109 
1361,江差町,檜山郡江差町字中歌町193-1,41.869244,140.12756,7428 
1362,上ノ国町,檜山郡上ノ国町字大留100,41.801042,140.121398,4306 
1363,厚沢部町,檜山郡厚沢部町新町207,41.920895,140.225475,3592 
1364,乙部町,爾志郡乙部町字緑町388,41.968504,140.13546,3403 
1367,奥尻町,奥尻郡奥尻町字奥尻806,42.17226,139.514121,2410 
1370,今金町,瀬棚郡今金町字今金48-1,42.429373,140.008766,5072 
1371,せたな町,久遠郡せたな町北檜山区徳島63-1,42.417145,139.882999,7398 
1391,島牧村,島牧郡島牧村字泊83-1,42.700471,140.061454,1356 
1392,寿都町,寿都郡寿都町字渡島町140-1,42.790984,140.228891,2838 
1393,黒松内町,寿都郡黒松内町字黒松内302-1,42.667788,140.307739,2791 
1394,蘭越町,磯谷郡蘭越町蘭越町258-5,42.809205,140.528346,4568 
1395,ニセコ町,虻田郡ニセコ町字富士見55番地,42.805029,140.687991,5074 
1396,真狩村,虻田郡真狩村字真狩118,42.762955,140.803669,2045 
1397,留寿都村,虻田郡留寿都村字留寿都175,42.737263,140.875574,1911 
1398,喜茂別町,虻田郡喜茂別町字喜茂別123,42.795439,140.934532,2156 
1399,京極町,虻田郡京極町字京極527,42.858216,140.883999,2941 
1400,倶知安町,虻田郡倶知安町北1条東3-3,42.901458,140.759012,15129 
1401,共和町,岩内郡共和町南幌似38-2,42.980407,140.611175,5772 
1402,岩内町,岩内郡岩内町字高台134-1,42.979761,140.514773,11648 
1403,泊村,古宇郡泊村大字茅沼村字臼別191-7,43.063212,140.498857,1569 
1404,神恵内村,古宇郡神恵内村大字神恵内村81-20,43.143365,140.430801,870 
1405,積丹町,積丹郡積丹町大字美国町字船澗48-5,43.29871,140.598001,1831 
1406,古平町,古平郡古平町大字浜町50番地,43.265353,140.639078,2745 
1407,仁木町,余市郡仁木町西町1-36-1,43.151675,140.766168,3180 
1408,余市町,余市郡余市町朝日町26,43.195343,140.783542,18000 
1409,赤井川村,余市郡赤井川村字赤井川74-2,43.083479,140.81364,1165 
1423,南幌町,空知郡南幌町栄町3-2-1,43.063739,141.65033,7319 
1424,奈井江町,空知郡奈井江町字奈井江11,43.425353,141.882816,5120 
1425,上砂川町,空知郡上砂川町中央北1条5丁目1番7号,43.48271,141.984202,2841 
1427,由仁町,夕張郡由仁町新光200,42.999598,141.790309,4822 
1428,長沼町,夕張郡長沼町中央北1-1-1,43.01034,141.695367,10289 
1429,栗山町,夕張郡栗山町松風3-252,43.05629,141.784099,11272 
1430,月形町,樺戸郡月形町1219,43.338397,141.669604,3691 
1431,浦臼町,樺戸郡浦臼町字ウラウスナイ183-15,43.430363,141.818727,1732 
1432,新十津川町,樺戸郡新十津川町字中央301-1,43.548781,141.877126,6484 
1433,妹背牛町,雨竜郡妹背牛町字妹背牛5200,43.700093,141.961606,2693 
1434,秩父別町,雨竜郡秩父別町4101,43.767,141.957896,2329 
1436,雨竜町,雨竜郡雨竜町字フシコウリウ104,43.643943,141.889036,2389 
1437,北竜町,雨竜郡北竜町字和11-1,43.731426,141.879409,1724 
1438,沼田町,雨竜郡沼田町南1条3-6-53,43.80674,141.933817,2909 
1452,鷹栖町,上川郡鷹栖町南1条3丁目5番1号,43.843321,142.354382,6567 
1453,東神楽町,上川郡東神楽町南1条西1丁目3-2,43.696303,142.451571,10127 
1454,当麻町,上川郡当麻町3条東2丁目11-1,43.828201,142.508388,6319 
1455,比布町,上川郡比布町北町1-2-1,43.875021,142.477699,3520 
1456,愛別町,上川郡愛別町字本町179,43.906679,142.577822,2605 
1457,上川町,上川郡上川町南町180,43.847128,142.770459,3500 
1458,東川町,上川郡東川町東町1-16-1,43.698877,142.510128,8314 
1459,美瑛町,上川郡美瑛町本町4-6-1,43.588279,142.467055,9668 
1460,上富良野町,空知郡上富良野町大町2-2-11,43.455614,142.467112,10348 
1461,中富良野町,空知郡中富良野町本町9-1,43.405576,142.425034,4733 
1462,南富良野町,空知郡南富良野町字幾寅867,43.164088,142.568522,2376 
1463,占冠村,勇払郡占冠村字中央,42.979836,142.398526,1306 
1464,和寒町,上川郡和寒町字西町120,44.023119,142.413383,3192 
1465,剣淵町,上川郡剣淵町仲町37-1,44.095746,142.361007,2926 
1468,下川町,上川郡下川町幸町63,44.302576,142.635219,3126 
1469,美深町,中川郡美深町字西町18,44.480994,142.342963,4145 
1470,音威子府村,中川郡音威子府村字音威子府444-1,44.725096,142.262458,706 
1471,中川町,中川郡中川町字中川337,44.811488,142.071409,1528 
1472,幌加内町,雨竜郡幌加内町字幌加内4699,44.009812,142.153828,1370 
1481,増毛町,増毛郡増毛町弁天町3-61,43.856063,141.524978,3908 
1482,小平町,留萌郡小平町字小平町216,44.015141,141.662828,2994 
1483,苫前町,苫前郡苫前町字旭37-1,44.306086,141.652932,2936 
1484,羽幌町,苫前郡羽幌町南町1-1,44.36061,141.697249,6548 
1485,初山別村,苫前郡初山別村字初山別96-1,44.532149,141.766342,1080 
1486,遠別町,天塩郡遠別町字本町3-37,44.722462,141.792322,2520 
1487,天塩町,天塩郡天塩町新栄通8丁目,44.888121,141.745324,2950 
1511,猿払村,宗谷郡猿払村鬼志別西町172-1,45.33061,142.108945,2611 
1512,浜頓別町,枝幸郡浜頓別町中央南1,45.123716,142.35964,3448 
1513,中頓別町,枝幸郡中頓別町字中頓別172-6,44.96971,142.286705,1637 
1514,枝幸町,枝幸郡枝幸町本町916,44.9387,142.581405,7565 
1516,豊富町,天塩郡豊富町大通6丁目,45.102847,141.777508,3974 
1517,礼文町,礼文郡礼文町大字香深村字トンナイ558-5,45.303062,141.047717,2509 
1518,利尻町,利尻郡利尻町沓形字緑町14-1,45.187041,141.139597,2004 
1519,利尻富士町,利尻郡利尻富士町鴛泊字富士野6,45.247459,141.214719,2458 
1520,幌延町,天塩郡幌延町宮園町1番地1,45.017635,141.849386,2371 
1543,美幌町,網走郡美幌町字東2条北2-25,43.824248,144.107523,18697 
1544,津別町,網走郡津別町字幸町41,43.706261,144.025237,4373 
1545,斜里町,斜里郡斜里町本町12,43.911441,144.670713,11418 
1546,清里町,斜里郡清里町羽衣町13,43.835224,144.594582,3883 
1547,小清水町,斜里郡小清水町元町2-1-1,43.856679,144.462114,4623 
1549,訓子府町,常呂郡訓子府町東町398,43.725328,143.741665,4677 
1550,置戸町,常呂郡置戸町字置戸181,43.676328,143.586402,2775 
1552,佐呂間町,常呂郡佐呂間町字永代町3-1,44.017859,143.774714,4875 
1555,遠軽町,紋別郡遠軽町1条通北3-1-1,44.061947,143.527726,19241 
1559,湧別町,紋別郡湧別町上湧別屯田市街地318,44.151465,143.572919,8270 
1560,滝上町,紋別郡滝上町字滝ノ上市街地4条通2-1,44.19227,143.07765,2421 
1561,興部町,紋別郡興部町字興部710,44.469874,143.123699,3628 
1562,西興部村,紋別郡西興部村字西興部100,44.328833,142.944445,1053 
1563,雄武町,紋別郡雄武町本町,44.582482,142.961863,4199 
1564,大空町,網走郡大空町女満別西3条4丁目1-1,43.911858,144.172473,6775 
1571,豊浦町,虻田郡豊浦町字船見町10,42.583464,140.711815,3821 
1575,壮瞥町,有珠郡壮瞥町字滝之町287-7,42.552556,140.885472,2743 
1578,白老町,白老郡白老町大町1-1-1,42.551259,141.355861,16212 
1581,厚真町,勇払郡厚真町京町120,42.723566,141.877841,4432 
1584,洞爺湖町,虻田郡洞爺湖町栄町58,42.551223,140.764128,8442 
1585,安平町,勇払郡安平町早来大町95,42.762798,141.818047,7340 
1586,むかわ町,勇払郡むかわ町美幸2-88,42.574741,141.926761,7651 
1601,日高町,沙流郡日高町門別本町210-1,42.480318,142.074359,11279 
1602,平取町,沙流郡平取町本町28,42.585098,142.128525,4776 
1604,新冠町,新冠郡新冠町字北星町3-2,42.362417,142.318315,5309 
1607,浦河町,浦河郡浦河町築地1-3-1,42.168355,142.768213,12074 
1608,様似町,様似郡様似町大通1-21,42.127737,142.933797,4043 
1609,えりも町,幌泉郡えりも町字本町206,42.016298,143.148348,4374 
1610,新ひだか町,日高郡新ひだか町静内御幸町3丁目2-50,42.341276,142.368588,21517 
1631,音更町,河東郡音更町元町2,42.994115,143.197869,43576 
1632,士幌町,河東郡士幌町字士幌225,43.168047,143.241344,5848 
1633,上士幌町,河東郡上士幌町字上士幌東3線238,43.232615,143.296243,4778 
1634,鹿追町,河東郡鹿追町東町1-15-1,43.098876,142.989028,5266 
1635,新得町,上川郡新得町3条南4-26,43.079741,142.838822,5817 
1636,清水町,上川郡清水町南4条2-2,43.011423,142.884568,9094 
1637,芽室町,河西郡芽室町東2条2-14,42.911547,143.050835,18048 
1638,中札内村,河西郡中札内村東1条南1丁目2番地1,42.697864,143.134395,3884 
1639,更別村,河西郡更別村字更別南1線93,42.650415,143.187794,3080 
1641,大樹町,広尾郡大樹町東本通33,42.497698,143.278989,5420 
1642,広尾町,広尾郡広尾町西4条7-1,42.285841,143.311498,6387 
1643,幕別町,中川郡幕別町本町130-1,42.908198,143.356085,25766 
1644,池田町,中川郡池田町西1条7-11,42.92898,143.448472,6294 
1645,豊頃町,中川郡豊頃町茂岩本町125,42.801023,143.5059,3022 
1646,本別町,中川郡本別町北2-4-1,43.124615,143.610962,6618 
1647,足寄町,足寄郡足寄町北1条4-48-1,43.244786,143.55393,6563 
1648,陸別町,足寄郡陸別町字陸別東1条3-1,43.468914,143.747305,2264 
1649,浦幌町,十勝郡浦幌町字桜町15-6,42.808947,143.658581,4387 
1661,釧路町,釧路郡釧路町別保1-1,42.996124,144.466081,19105 
1662,厚岸町,厚岸郡厚岸町真栄3丁目1番地,43.051951,144.847443,8892 
1663,浜中町,厚岸郡浜中町湯沸445番地,43.076292,145.130953,5507 
1664,標茶町,川上郡標茶町川上4-2,43.303337,144.600665,7230 
1665,弟子屈町,川上郡弟子屈町中央2-3-1,43.485352,144.459223,6955 
1667,鶴居村,阿寒郡鶴居村鶴居西1-1,43.23016,144.321165,2558 
1668,白糠町,白糠郡白糠町西1条南1-1-1,42.956161,144.071805,7289 
1691,別海町,野付郡別海町別海常盤町280,43.39399,145.117341,14380 
1692,中標津町,標津郡中標津町丸山2-22,43.555191,144.971504,23010 
1693,標津町,標津郡標津町北2条西1-1-3,43.661309,145.131325,5023 
1694,羅臼町,目梨郡羅臼町栄町100-83,44.021953,145.189532,4722 
2201,青森市,青森市中央1-22-5,40.82264,140.746957,275192 
2202,弘前市,弘前市大字上白銀町1-1,40.602965,140.464008,168466 
2203,八戸市,八戸市内丸1-1-1,40.512278,141.488404,223415 
2204,黒石市,黒石市大字市ノ町11-1,40.642608,140.594547,31946 
2205,五所川原市,五所川原市字布屋町41-1,40.807835,140.446118,51415 
2206,十和田市,十和田市西十二番町6-1,40.612703,141.20591,60378 
2207,三沢市,三沢市桜町1-1-38,40.683078,141.369093,39152 
2208,むつ市,むつ市中央1丁目8-1,41.292835,141.183174,54103 
2209,つがる市,つがる市木造若緑61-1,40.808836,140.380195,30934 
2210,平川市,平川市柏木町藤山25-6,40.583742,140.567123,30567 
2301,平内町,東津軽郡平内町大字小湊字小湊63,40.926023,140.955884,10126 
2303,今別町,東津軽郡今別町大字今別字今別167,41.181875,140.48161,2334 
2304,蓬田村,東津軽郡蓬田村大字蓬田字汐越1-3,40.971779,140.656053,2540 
2307,外ヶ浜町,東津軽郡外ヶ浜町字蟹田高銅屋44-2,41.043159,140.632243,5401 
2321,鰺ヶ沢町,西津軽郡鰺ヶ沢町大字舞戸町字鳴戸321番地,40.783011,140.233912,9044 
2323,深浦町,西津軽郡深浦町大字深浦字苗代沢84-2,40.647876,139.927431,7346 
2343,西目屋村,中津軽郡西目屋村大字田代字神田57番地,40.577437,140.297171,1265 
2361,藤崎町,南津軽郡藤崎町大字西豊田1-1,40.656064,140.502824,14573 
2362,大鰐町,南津軽郡大鰐町大字大鰐字羽黒館5-3,40.518356,140.567878,8665 
2367,田舎館村,南津軽郡田舎館村大字田舎館字中辻123-1,40.631259,140.550198,7326 
2381,板柳町,北津軽郡板柳町大字板柳字土井239-3,40.695954,140.4577,12700 
2384,鶴田町,北津軽郡鶴田町大字鶴田字早瀬200-1,40.758819,140.428702,12074 
2387,中泊町,北津軽郡中泊町大字中里字紅葉坂209,40.960427,140.434122,9657 
2401,野辺地町,上北郡野辺地町字野辺地123-1,40.864447,141.128685,12374 
2402,七戸町,上北郡七戸町字森ノ上131-4,40.744714,141.157991,14556 
2405,六戸町,上北郡六戸町大字犬落瀬字前谷地60,40.609526,141.324958,10447 
2406,横浜町,上北郡横浜町字寺下35,41.083155,141.247782,4229 
2408,東北町,上北郡東北町上北南4-32-484,40.727871,141.257888,16428 
2411,六ヶ所村,上北郡六ヶ所村大字尾駮字野附475,40.967375,141.374434,10367 
2412,おいらせ町,上北郡おいらせ町中下田135-2,40.599104,141.397822,24273 
2423,大間町,下北郡大間町大字大間字奥戸下道20-4,41.522388,140.90483,4718 
2424,東通村,下北郡東通村大字砂子又字沢内5-34,41.277726,141.3289,5955 
2425,風間浦村,下北郡風間浦村大字易国間字大川目28-5,41.487487,140.995534,1636 
2426,佐井村,下北郡佐井村大字佐井字糠森20,41.429718,140.859175,1788 
2441,三戸町,三戸郡三戸町大字在府小路町43,40.378423,141.25874,9082 
2442,五戸町,三戸郡五戸町字古舘21-1,40.531208,141.307813,16042 
2443,田子町,三戸郡田子町大字田子字天神堂平81,40.34003,141.15215,4968 
2445,南部町,三戸郡南部町大字平字広場28-1,40.420343,141.330307,16809 
2446,階上町,三戸郡階上町大字道仏字天当平1-87,40.452454,141.621001,13496 
2450,新郷村,三戸郡新郷村大字戸来字風呂前10,40.465784,141.1734,2197 
3201,盛岡市,盛岡市内丸12-2,39.701795,141.154183,289731 
3202,宮古市,宮古市宮町1-1-30,39.639554,141.946115,50369 
3203,大船渡市,大船渡市盛町字宇津野沢15,39.081901,141.708547,34728 
3205,花巻市,花巻市花城町9-30,39.388609,141.116854,93193 
3206,北上市,北上市芳町1-1,39.286817,141.113157,93045 
3207,久慈市,久慈市川崎町1-1,40.190466,141.775644,33043 
3208,遠野市,遠野市中央通り9-1,39.331014,141.532352,25366 
3209,一関市,一関市竹山町7-2,38.934754,141.126759,111932 
3210,陸前高田市,陸前高田市高田町字下和野100番地,39.020413,141.633321,18262 
3211,釜石市,釜石市只越町3-9-13,39.27581,141.885716,32078 
3213,二戸市,二戸市福岡字川又47,40.271193,141.304805,25513 
3214,八幡平市,八幡平市野駄21-170,39.956511,141.07112,24023 
3215,奥州市,奥州市水沢大手町1-1,39.144506,141.139116,112937 
3216,滝沢市,滝沢市中鵜飼55,39.734739,141.077065,55579 
3301,雫石町,岩手郡雫石町千刈田5-1,39.696319,140.975779,15731 
3302,葛巻町,岩手郡葛巻町葛巻16-1-1,40.040086,141.438203,5634 
3303,岩手町,岩手郡岩手町大字五日市10-44,39.972768,141.212166,12285 
3321,紫波町,紫波郡紫波町紫波中央駅前2-3-1,39.554536,141.155796,32147 
3322,矢巾町,紫波郡矢巾町大字南矢幅第13地割123番地,39.606006,141.143001,28056 
3366,西和賀町,和賀郡西和賀町川尻40地割40番地71,39.317906,140.778754,5134 
3381,金ケ崎町,胆沢郡金ケ崎町西根南町22-1,39.195687,141.116408,15535 
3402,平泉町,西磐井郡平泉町平泉字志羅山45-2,38.986781,141.11398,7252 
3441,住田町,気仙郡住田町世田米字川向88-1,39.142209,141.575052,5045 
3461,大槌町,上閉伊郡大槌町上町1番3号,39.358196,141.899731,11004 
3482,山田町,下閉伊郡山田町八幡町3-20,39.467619,141.948923,14320 
3483,岩泉町,下閉伊郡岩泉町岩泉字惣畑59-5,39.843204,141.796675,8726 
3484,田野畑村,下閉伊郡田野畑村田野畑143-1,39.930454,141.888864,3059 
3485,普代村,下閉伊郡普代村第9地割字銅屋13-2,40.005164,141.886014,2487 
3501,軽米町,九戸郡軽米町大字軽米10-85,40.326678,141.460349,8421 
3503,野田村,九戸郡野田村大字野田第20地割14,40.110272,141.817674,3936 
3506,九戸村,九戸郡九戸村大字伊保内第10地割11番地6,40.211356,141.418982,5378 
3507,洋野町,九戸郡洋野町種市23-27,40.408298,141.71865,15091 
3524,一戸町,二戸郡一戸町高善寺字大川鉢24-9,40.212733,141.29546,11494 
4100,仙台市,仙台市青葉区国分町3-7-1,38.268008,140.869617,1096704 
4202,石巻市,石巻市穀町14-1,38.434457,141.302906,140151 
4203,塩竈市,塩竈市旭町1-1,38.31436,141.02203,52203 
4205,気仙沼市,気仙沼市八日町1-1-1,38.908127,141.570044,61147 
4206,白石市,白石市大手町1-1,38.002467,140.619888,32758 
4207,名取市,名取市増田字柳田80,38.171501,140.891849,78718 
4208,角田市,角田市角田字大坊41,37.977016,140.781543,27976 
4209,多賀城市,多賀城市中央2-1-1,38.293803,141.004369,62827 
4211,岩沼市,岩沼市桜1-6-20,38.104303,140.869949,44068 
4212,登米市,登米市迫町佐沼字中江2-6-1,38.691856,141.18772,76037 
4213,栗原市,栗原市築館薬師1-7-1,38.730062,141.021508,64637 
4214,東松島市,東松島市矢本字上河戸36-1,38.426134,141.210278,39098 
4215,大崎市,大崎市古川七日町1-1,38.577132,140.955565,127330 
4216,富谷市,富谷市富谷坂松田30,38.399918,140.895485,51651 
4301,蔵王町,刈田郡蔵王町大字円田字西浦北10,38.098128,140.65868,11418 
4302,七ケ宿町,刈田郡七ケ宿町字関126,37.993063,140.441615,1262 
4321,大河原町,柴田郡大河原町字新南19,38.049412,140.730774,23571 
4322,村田町,柴田郡村田町大字村田字迫6,38.118589,140.722404,10666 
4323,柴田町,柴田郡柴田町船岡中央2-3-45,38.056599,140.765798,38271 
4324,川崎町,柴田郡川崎町大字前川字裏丁175-1,38.177751,140.643188,8345 
4341,丸森町,伊具郡丸森町字鳥屋120,37.911536,140.765365,12262 
4361,亘理町,亘理郡亘理町字悠里1,38.044263,140.867924,33087 
4362,山元町,亘理郡山元町浅生原字作田山32,37.962706,140.878052,12046 
4401,松島町,宮城郡松島町高城字帰命院下一19-1,38.380149,141.067291,13323 
4404,七ヶ浜町,宮城郡七ヶ浜町東宮浜字丑谷辺5-1,38.304554,141.059143,18132 
4406,利府町,宮城郡利府町利府字新並松4,38.330355,140.975793,35182 
4421,大和町,黒川郡大和町吉岡まほろば1-1-1,38.43733,140.886309,28786 
4422,大郷町,黒川郡大郷町粕川字西長崎5-8,38.424244,141.00446,7813 
4424,大衡村,黒川郡大衡村大衡字平林62,38.467278,140.879982,5849 
4444,色麻町,加美郡色麻町四竃字北谷地41,38.548921,140.849876,6698 
4445,加美町,加美郡加美町字西田3-5,38.57177,140.854759,21943 
4501,涌谷町,遠田郡涌谷町字新町裏153-2,38.539704,141.128105,15388 
4505,美里町,遠田郡美里町北浦字駒米13,38.5444,141.056717,23994 
4581,女川町,牡鹿郡女川町女川1-1-1,38.445388,141.442693,6430 
4606,南三陸町,本吉郡南三陸町志津川字沼田101,38.680666,141.462492,12225 
5201,秋田市,秋田市山王1-1-1,39.719929,140.102512,307672 
5202,能代市,能代市上町1-3,40.212131,140.026641,49968 
5203,横手市,横手市中央町8-2,39.313777,140.566636,85555 
5204,大館市,大館市字中城20,40.271685,140.565241,69237 
5206,男鹿市,男鹿市船川港船川字泉台66-1,39.886721,139.8475,25154 
5207,湯沢市,湯沢市佐竹町1-1,39.164074,140.494683,42091 
5209,鹿角市,鹿角市花輪字荒田4-1,40.215789,140.788519,29088 
5210,由利本荘市,由利本荘市尾崎17,39.385814,140.048819,74707 
5211,潟上市,潟上市天王字棒沼台226-1,39.857288,140.013049,31720 
5212,大仙市,大仙市大曲花園町1-1,39.45309,140.475448,77657 
5213,北秋田市,北秋田市花園町19-1,40.226046,140.370728,30198 
5214,にかほ市,にかほ市象潟町字浜ノ田1,39.203067,139.907649,23435 
5215,仙北市,仙北市田沢湖生保内字宮ノ後30,39.700044,140.730728,24610 
5303,小坂町,鹿角郡小坂町小坂字上谷地41-1,40.332926,140.736191,4780 
5327,上小阿仁村,北秋田郡上小阿仁村小沢田字向川原118,40.063263,140.295736,2063 
5346,藤里町,山本郡藤里町藤琴字藤琴8,40.278399,140.261879,2896 
5348,三種町,山本郡三種町鵜川字岩谷子8,40.101615,140.004981,15254 
5349,八峰町,山本郡八峰町峰浜目名潟字目長田118,40.318715,140.038618,6577 
5361,五城目町,南秋田郡五城目町西磯ノ目1-1-1,39.943895,140.111309,8538 
5363,八郎潟町,南秋田郡八郎潟町字大道80,39.949023,140.073358,5583 
5366,井川町,南秋田郡井川町北川尻字海老沢樋ノ口78-1,39.914188,140.081265,4566 
5368,大潟村,南秋田郡大潟村字中央1-1,40.017788,139.960064,3011 
5434,美郷町,仙北郡美郷町土崎字上野乙170-10,39.461633,140.582127,18613 
5463,羽後町,雄勝郡羽後町西馬音内字中野177,39.199323,140.412881,13825 
5464,東成瀬村,雄勝郡東成瀬村田子内字仙人下30-1,39.179185,140.648892,2704 
6201,山形市,山形市旅篭町2-3-25,38.255436,140.339605,247590 
6202,米沢市,米沢市金池5-2-25,37.921869,140.11614,81252 
6203,鶴岡市,鶴岡市馬場町9-25,38.727183,139.826725,122347 
6204,酒田市,酒田市本町2-2-45,38.914386,139.836513,100273 
6205,新庄市,新庄市沖の町10-37,38.76496,140.301664,34432 
6206,寒河江市,寒河江市中央1-9-45,38.380954,140.276068,40189 
6207,上山市,上山市河崎1-1-10,38.149562,140.26783,29110 
6208,村山市,村山市中央1-3-6,38.483352,140.38038,22516 
6209,長井市,長井市栄町1-1,38.106088,140.033947,26543 
6210,天童市,天童市老野森1-1-1,38.362177,140.377802,62140 
6211,東根市,東根市中央1-1-1,38.431292,140.391021,47682 
6212,尾花沢市,尾花沢市若葉町1-2-3,38.60062,140.405693,14971 
6213,南陽市,南陽市三間通436-1,38.055116,140.148309,30420 
6301,山辺町,東村山郡山辺町緑ヶ丘5,38.289217,140.26218,13725 
6302,中山町,東村山郡中山町長崎120,38.333122,140.283051,10746 
6321,河北町,西村山郡河北町谷地戊81,38.426632,140.31459,17641 
6322,西川町,西村山郡西川町大字海味510,38.426487,140.147661,4956 
6323,朝日町,西村山郡朝日町大字宮宿1115,38.299293,140.145924,6366 
6324,大江町,西村山郡大江町大字左沢882-1,38.380713,140.206793,7646 
6341,大石田町,北村山郡大石田町緑町1,38.593877,140.372647,6577 
6361,金山町,最上郡金山町大字金山324-1,38.88344,140.339367,5071 
6362,最上町,最上郡最上町向町644,38.758467,140.519359,8080 
6363,舟形町,最上郡舟形町舟形263,38.691417,140.319988,5007 
6364,真室川町,最上郡真室川町大字新町124番4,38.856918,140.251564,7203 
6365,大蔵村,最上郡大蔵村大字清水2528,38.704121,140.230368,3028 
6366,鮭川村,最上郡鮭川村大字佐渡2003-7,38.796455,140.222007,3902 
6367,戸沢村,最上郡戸沢村大字古口270,38.737601,140.143569,4199 
6381,高畠町,東置賜郡高畠町大字高畠436,38.002745,140.189113,22463 
6382,川西町,東置賜郡川西町大字上小松977番地1,38.005203,140.053181,14558 
6401,小国町,西置賜郡小国町大字小国小坂町2-70,38.061391,139.743333,7107 
6402,白鷹町,西置賜郡白鷹町大字荒砥甲833,38.183069,140.098571,12890 
6403,飯豊町,西置賜郡飯豊町大字椿2888,38.045714,139.987617,6613 
6426,三川町,東田川郡三川町大字横山字西田85,38.794529,139.849612,7601 
6428,庄内町,東田川郡庄内町余目字町132-1,38.849558,139.904036,20151 
6461,遊佐町,飽海郡遊佐町遊佐字舞鶴202番地,39.014836,139.908662,13032 
7201,福島市,福島市五老内町3-1,37.76083,140.474747,282693 
7202,会津若松市,会津若松市東栄町3-46,37.494842,139.929707,117376 
7203,郡山市,郡山市朝日1-23-7,37.400455,140.35965,327692 
7204,いわき市,いわき市平字梅本21,37.050456,140.887687,332931 
7205,白河市,白河市八幡小路7-1,37.126379,140.210923,59491 
7207,須賀川市,須賀川市八幡町135,37.286504,140.372655,74992 
7208,喜多方市,喜多方市字御清水東7244-2,37.651134,139.874484,44760 
7209,相馬市,相馬市中村字北町63-3,37.797353,140.918937,34865 
7210,二本松市,二本松市金色403-1,37.584783,140.431199,53557 
7211,田村市,田村市船引町船引字畑添76-2,37.440621,140.57631,35169 
7212,南相馬市,南相馬市原町区本町2-27,37.642197,140.957237,59005 
7213,伊達市,伊達市保原町字舟橋180,37.819095,140.562894,58240 
7214,本宮市,本宮市本宮字万世212,37.513162,140.393877,30236 
7301,桑折町,伊達郡桑折町大字谷地字道下22番地7,37.85472,140.520851,11459 
7303,国見町,伊達郡国見町大字藤田字一丁田二1-7,37.87681,140.549273,8639 
7308,川俣町,伊達郡川俣町字五百田30,37.664989,140.598244,12170 
7322,大玉村,安達郡大玉村玉井字星内70,37.534362,140.371058,8900 
7342,鏡石町,岩瀬郡鏡石町不時沼345,37.252858,140.343405,12318 
7344,天栄村,岩瀬郡天栄村大字下松本字原畑78,37.255576,140.247165,5194 
7362,下郷町,南会津郡下郷町大字塩生字大石1000,37.255571,139.872084,5264 
7364,檜枝岐村,南会津郡檜枝岐村字下ノ原880,37.024141,139.388941,504 
7367,只見町,南会津郡只見町大字只見字雨堤1039,37.348657,139.315789,4044 
7368,南会津町,南会津郡南会津町田島字後原甲3531-1,37.200389,139.773215,14451 
7402,北塩原村,耶麻郡北塩原村大字北山字姥ヶ作3151,37.655673,139.937383,2556 
7405,西会津町,耶麻郡西会津町野沢字下小屋上乙3308,37.587396,139.649301,5770 
7407,磐梯町,耶麻郡磐梯町大字磐梯字中ノ橋1855,37.562099,139.988766,3322 
7408,猪苗代町,耶麻郡猪苗代町字城南100,37.557799,140.104794,13552 
7421,会津坂下町,河沼郡会津坂下町字市中三番甲3662,37.561457,139.821732,15068 
7422,湯川村,河沼郡湯川村大字清水田字長瀞18,37.565351,139.886756,3081 
7423,柳津町,河沼郡柳津町大字柳津字下平乙234,37.526035,139.719552,3081 
7444,三島町,大沼郡三島町大字宮下字宮下350,37.470292,139.644441,1452 
7445,金山町,大沼郡金山町大字川口字谷地393,37.453735,139.524524,1862 
7446,昭和村,大沼郡昭和村大字下中津川字中島652,37.335446,139.610666,1246 
7447,会津美里町,大沼郡会津美里町字新布才地1番地,37.464985,139.834177,19014 
7461,西郷村,西白河郡西郷村大字熊倉字折口原40,37.141767,140.155299,20808 
7464,泉崎村,西白河郡泉崎村大字泉崎字八丸145,37.153784,140.303363,6213 
7465,中島村,西白河郡中島村大字滑津字中島西11-1,37.148756,140.35023,4885 
7466,矢吹町,西白河郡矢吹町一本木101,37.201221,140.338493,17287 
7481,棚倉町,東白川郡棚倉町大字棚倉字中居野33,37.029867,140.379591,13343 
7482,矢祭町,東白川郡矢祭町大字東舘字舘本66,36.871334,140.424755,5392 
7483,塙町,東白川郡塙町大字塙字大町3-21,36.957238,140.409647,8302 
7484,鮫川村,東白川郡鮫川村大字赤坂中野字新宿39-5,37.042229,140.509699,3049 
7501,石川町,石川郡石川町字長久保185-4,37.157072,140.446775,14644 
7502,玉川村,石川郡玉川村大字小高字中畷9,37.210718,140.408939,6392 
7503,平田村,石川郡平田村大字永田字切田116,37.221995,140.575655,5826 
7504,浅川町,石川郡浅川町大字浅川字背戸谷地112-15,37.080947,140.412852,6036 
7505,古殿町,石川郡古殿町大字松川字新桑原31,37.089182,140.555692,4825 
7521,三春町,田村郡三春町字大町1-2,37.4405,140.493389,17018 
7522,小野町,田村郡小野町大字小野新町字舘廻92,37.286823,140.62628,9471 
7541,広野町,双葉郡広野町大字下北迫字苗代替35,37.214403,140.994561,5412 
7542,楢葉町,双葉郡楢葉町大字北田字鐘突堂5-6,37.282605,140.993465,3710 
7543,富岡町,双葉郡富岡町大字本岡字王塚622-1,37.345496,141.008652,2128 
7544,川内村,双葉郡川内村大字上川内字早渡11-24,37.33768,140.809266,2044 
7545,大熊町,双葉郡大熊町大字大川原字南平1717,37.382087,140.958264,847 
7546,双葉町,双葉郡双葉町大字長塚字町西73-4,37.452904,141.006374,-
7547,浪江町,双葉郡浪江町大字幾世橋字六反田7-2,37.494594,141.000746,1923 
7548,葛尾村,双葉郡葛尾村大字落合字落合16,37.503547,140.764518,420 
7561,新地町,相馬郡新地町谷地小屋字樋掛田30,37.876379,140.919591,7905 
7564,飯舘村,相馬郡飯舘村伊丹沢字伊丹沢580-1,37.678947,140.735091,1318 
8201,水戸市,水戸市中央1-4-1,36.365861,140.471222,270685 
8202,日立市,日立市助川町1-1-1,36.599016,140.651546,174508 
8203,土浦市,土浦市大和町9-1,36.078391,140.204143,142074 
8204,古河市,古河市下大野2248,36.178228,139.755371,139344 
8205,石岡市,石岡市石岡1-1-1,36.19084,140.287242,73061 
8207,結城市,結城市中央町2丁目3番地,36.289625,139.87147,50645 
8208,龍ケ崎市,龍ケ崎市3710,35.911594,140.182265,76420 
8210,下妻市,下妻市大字本城町2-22,36.184516,139.967374,42521 
8211,常総市,常総市水海道諏訪町3222-3,36.023563,139.993934,60834 
8212,常陸太田市,常陸太田市金井町3690,36.538227,140.530929,48602 
8214,高萩市,高萩市本町1-100-1,36.713674,140.709506,27699 
8215,北茨城市,北茨城市磯原町磯原1630,36.801892,140.751032,41801 
8216,笠間市,笠間市中央3-2-1,36.345128,140.304232,73173 
8217,取手市,取手市寺田5139,35.911474,140.050305,104524 
8219,牛久市,牛久市中央3-15-1,35.979397,140.149532,84651 
8220,つくば市,つくば市研究学園1-1-1,36.08356,140.076473,241656 
8221,ひたちなか市,ひたちなか市東石川2-10-1,36.396615,140.534676,156581 
8222,鹿嶋市,鹿嶋市大字平井1187-1,35.965721,140.644852,66950 
8223,潮来市,潮来市辻626,35.947134,140.555364,27604 
8224,守谷市,守谷市大柏950-1,35.951327,139.975465,68421 
8225,常陸大宮市,常陸大宮市中富町3135-6,36.542592,140.411012,39267 
8226,那珂市,那珂市福田1819-5,36.457424,140.486726,53502 
8227,筑西市,筑西市丙360,36.305263,139.979417,100753 
8228,坂東市,坂東市岩井4365,36.048363,139.88868,52265 
8229,稲敷市,稲敷市犬塚1570-1,35.972927,140.303583,39039 
8230,かすみがうら市,かすみがうら市上土田461,36.151812,140.237006,40087 
8231,桜川市,桜川市羽田1023,36.327273,140.090478,39122 
8232,神栖市,神栖市溝口4991-5,35.889972,140.664527,95454 
8233,行方市,行方市麻生1561-9,35.990166,140.4891,32185 
8234,鉾田市,鉾田市鉾田1444-1,36.158687,140.516437,45953 
8235,つくばみらい市,つくばみらい市福田195,35.962911,140.037069,49872 
8236,小美玉市,小美玉市堅倉835,36.239283,140.352589,48870 
8302,茨城町,東茨城郡茨城町大字小堤1080,36.286921,140.424517,31401 
8309,大洗町,東茨城郡大洗町磯浜町6881-275,36.313356,140.574888,15715 
8310,城里町,東茨城郡城里町大字石塚1428-25,36.479297,140.376241,18097 
8341,東海村,那珂郡東海村東海3-7-1,36.472882,140.566301,37891 
8364,大子町,久慈郡大子町大字北田気662,36.764415,140.363437,15736 
8442,美浦村,稲敷郡美浦村大字受領1515,36.004554,140.301906,14602 
8443,阿見町,稲敷郡阿見町中央1-1-1,36.03087,140.214769,48553 
8447,河内町,稲敷郡河内町源清田1183,35.884743,140.244516,8231 
8521,八千代町,結城郡八千代町大字菅谷1170,36.181632,139.891145,21026 
8542,五霞町,猿島郡五霞町大字小福田1162-1,36.114116,139.745832,8093 
8546,境町,猿島郡境町391-1,36.108529,139.795054,24201 
8564,利根町,北相馬郡利根町布川841-1,35.857825,140.139106,15340 
9201,宇都宮市,宇都宮市旭1-1-5,36.555115,139.882807,518757 
9202,足利市,足利市本城3-2145,36.340146,139.449696,144746 
9203,栃木市,栃木市万町9-25,36.382414,139.734111,155549 
9204,佐野市,佐野市高砂町1,36.314369,139.578356,116228 
9205,鹿沼市,鹿沼市今宮町1688-1,36.566681,139.745045,94033 
9206,日光市,日光市今市本町1,36.719861,139.698204,77661 
9208,小山市,小山市中央町1-1-1,36.314496,139.800778,166666 
9209,真岡市,真岡市荒町5191,36.440515,140.012467,78190 
9210,大田原市,大田原市本町1-4-1,36.871076,140.015458,72087 
9211,矢板市,矢板市本町5-4,36.806732,139.924226,31165 
9213,那須塩原市,那須塩原市共墾社108-2,36.96169,140.046044,115210 
9214,さくら市,さくら市氏家2771,36.685295,139.966474,44513 
9215,那須烏山市,那須烏山市中央1-1-1,36.656891,140.151376,24875 
9216,下野市,下野市笹原26,36.395227,139.85192,59507 
9301,上三川町,河内郡上三川町しらさぎ1-1,36.439268,139.910214,30806 
9342,益子町,芳賀郡益子町大字益子2030,36.467353,140.093381,21898 
9343,茂木町,芳賀郡茂木町大字茂木155,36.532184,140.187535,11891 
9344,市貝町,芳賀郡市貝町大字市塙1280,36.543242,140.102113,11262 
9345,芳賀町,芳賀郡芳賀町祖母井1020,36.548212,140.058199,14961 
9361,壬生町,下都賀郡壬生町大字壬生甲3841番地1,36.442178,139.814668,39474 
9364,野木町,下都賀郡野木町大字丸林571,36.233263,139.740818,24913 
9384,塩谷町,塩谷郡塩谷町大字玉生741,36.777605,139.850578,10354 
9386,高根沢町,塩谷郡高根沢町大字石末2053,36.630976,139.986672,29229 
9407,那須町,那須郡那須町大字寺子丙3-13,37.01977,140.121008,23956 
9411,那珂川町,那須郡那珂川町馬頭555,36.736223,140.17282,15215 
10201,前橋市,前橋市大手町2-12-1,36.389413,139.063493,332149 
10202,高崎市,高崎市高松町35-1,36.32195,139.003355,372973 
10203,桐生市,桐生市織姫町1-1,36.40521,139.330646,106445 
10204,伊勢崎市,伊勢崎市今泉町2-410,36.311341,139.19696,211850 
10205,太田市,太田市浜町2-35,36.291127,139.37536,223014 
10206,沼田市,沼田市下之町888,36.64396,139.042784,45337 
10207,館林市,館林市城町1-1,36.244841,139.542057,75309 
10208,渋川市,渋川市石原80,36.48948,139.000394,74581 
10209,藤岡市,藤岡市中栗須327,36.258509,139.074564,63261 
10210,富岡市,富岡市富岡1460-1,36.259852,138.889954,47446 
10211,安中市,安中市安中1-23-13,36.326298,138.887244,54907 
10212,みどり市,みどり市笠懸町鹿2952,36.394819,139.281076,49648 
10344,榛東村,北群馬郡榛東村大字新井790番地1,36.438647,138.967118,14216 
10345,吉岡町,北群馬郡吉岡町大字下野田560,36.447443,139.0097,21792 
10366,上野村,多野郡上野村大字川和11,36.083135,138.777334,1128 
10367,神流町,多野郡神流町万場90-6,36.116013,138.916991,1645 
10382,下仁田町,甘楽郡下仁田町大字下仁田682,36.21247,138.789083,6576 
10383,南牧村,甘楽郡南牧村大字大日向1098,36.158553,138.711406,1611 
10384,甘楽町,甘楽郡甘楽町大字小幡161-1,36.243009,138.921752,12491 
10421,中之条町,吾妻郡中之条町大字中之条町1091,36.589843,138.841075,15386 
10424,長野原町,吾妻郡長野原町大字長野原1340番地1,36.544321,138.649837,5095 
10425,嬬恋村,吾妻郡嬬恋村大字大前110,36.516735,138.530298,8850 
10426,草津町,吾妻郡草津町大字草津28,36.620711,138.596127,6049 
10428,高山村,吾妻郡高山村大字中山2856-1,36.620809,138.943477,3511 
10429,東吾妻町,吾妻郡東吾妻町大字原町1046,36.571564,138.820571,12728 
10443,片品村,利根郡片品村大字鎌田3967-3,36.772549,139.225241,3993 
10444,川場村,利根郡川場村大字谷地2390-2,36.694683,139.106512,3480 
10448,昭和村,利根郡昭和村大字糸井388,36.639761,139.065881,6953 
10449,みなかみ町,利根郡みなかみ町後閑318,36.67865,138.999055,17195 
10464,玉村町,佐波郡玉村町大字下新田201,36.304435,139.114916,36054 
10521,板倉町,邑楽郡板倉町大字板倉2682-1,36.225962,139.601938,14083 
10522,明和町,邑楽郡明和町新里250-1,36.211283,139.534228,10882 
10523,千代田町,邑楽郡千代田町大字赤岩1895-1,36.217754,139.442437,10861 
10524,大泉町,邑楽郡大泉町日の出55-1,36.247862,139.404843,42089 
10525,邑楽町,邑楽郡邑楽町大字中野2570番地1,36.252392,139.4623,25522 
11100,さいたま市,さいたま市浦和区常盤6-4-4,35.861515,139.645502,1324025 
11201,川越市,川越市元町1-3-1,35.925112,139.48584,354571 
11202,熊谷市,熊谷市宮町2-47-1,36.147362,139.388664,194415 
11203,川口市,川口市青木2-1-1,35.806733,139.7234,594274 
11206,行田市,行田市本丸2-5,36.138951,139.455646,78617 
11207,秩父市,秩父市熊木町8-15,35.991681,139.085475,59674 
11208,所沢市,所沢市並木1-1-1,35.799672,139.468613,342464 
11209,飯能市,飯能市大字双柳1-1,35.85576,139.327791,80361 
11210,加須市,加須市三俣2-1-1,36.131438,139.601775,111623 
11211,本庄市,本庄市本庄3-5-3,36.243329,139.190629,78569 
11212,東松山市,東松山市松葉町1-1-58,36.042162,139.39995,91791 
11214,春日部市,春日部市中央6-2,35.975305,139.752409,229792 
11215,狭山市,狭山市入間川1-23-5,35.852907,139.412227,148699 
11216,羽生市,羽生市東6-15,36.172667,139.548592,52862 
11217,鴻巣市,鴻巣市中央1-1,36.065758,139.522172,116828 
11218,深谷市,深谷市仲町11-1,36.197018,139.281714,141268 
11219,上尾市,上尾市本町3-1-1,35.977408,139.593203,226940 
11221,草加市,草加市高砂1-1-1,35.825371,139.805327,248304 
11222,越谷市,越谷市越ヶ谷4-2-1,35.890643,139.791037,341621 
11223,蕨市,蕨市中央5-14-15,35.825576,139.679758,74283 
11224,戸田市,戸田市上戸田1-18-1,35.817635,139.677931,140899 
11225,入間市,入間市豊岡1-16-1,35.835769,139.391058,145651 
11227,朝霞市,朝霞市本町1-1-1,35.797255,139.593919,141083 
11228,志木市,志木市中宗岡1-1-1,35.83659,139.580248,75346 
11229,和光市,和光市広沢1-5,35.781104,139.605693,83989 
11230,新座市,新座市野火止1-1-1,35.793497,139.56533,166017 
11231,桶川市,桶川市泉1-3-28,36.002966,139.558177,74748 
11232,久喜市,久喜市大字下早見85-3,36.062059,139.666838,150582 
11233,北本市,北本市本町1-111,36.027026,139.53024,65201 
11234,八潮市,八潮市中央1-2-1,35.822539,139.839175,93363 
11235,富士見市,富士見市大字鶴馬1800-1,35.856759,139.549074,111859 
11237,三郷市,三郷市花和田648-1,35.830132,139.872247,142145 
11238,蓮田市,蓮田市大字黒浜2799-1,35.994504,139.6622,61499 
11239,坂戸市,坂戸市千代田1-1-1,35.957262,139.402983,100275 
11240,幸手市,幸手市東4-6-8,36.078089,139.725805,50066 
11241,鶴ヶ島市,鶴ヶ島市大字三ツ木16-1,35.934523,139.393126,70117 
11242,日高市,日高市大字南平沢1020,35.907748,139.33914,54571 
11243,吉川市,吉川市きよみ野1-1,35.895962,139.855651,71979 
11245,ふじみ野市,ふじみ野市福岡1-1-1,35.879396,139.51982,113597 
11246,白岡市,白岡市千駄野432,36.01907,139.676861,52214 
11301,伊奈町,北足立郡伊奈町中央四丁目355番地,35.999865,139.623877,44841 
11324,三芳町,入間郡三芳町大字藤久保1100-1,35.828347,139.526514,38434 
11326,毛呂山町,入間郡毛呂山町中央2-1,35.941596,139.315954,35366 
11327,越生町,入間郡越生町大字越生900-2,35.964478,139.294202,11029 
11341,滑川町,比企郡滑川町大字福田750-1,36.06599,139.360919,19732 
11342,嵐山町,比企郡嵐山町大字杉山1030-1,36.056568,139.320514,17889 
11343,小川町,比企郡小川町大字大塚55,36.056657,139.261789,28524 
11346,川島町,比企郡川島町大字下八ツ林870-1,35.992494,139.484352,19378 
11347,吉見町,比企郡吉見町大字下細谷411,36.039853,139.45373,18192 
11348,鳩山町,比企郡鳩山町大字大豆戸184-16,35.981468,139.334106,13560 
11349,ときがわ町,比企郡ときがわ町大字玉川2490,36.00857,139.296763,10540 
11361,横瀬町,秩父郡横瀬町大字横瀬4545,35.987286,139.100049,7979 
11362,皆野町,秩父郡皆野町大字皆野1420-1,36.070845,139.098754,9302 
11363,長瀞町,秩父郡長瀞町大字本野上1035-1,36.114787,139.10972,6807 
11365,小鹿野町,秩父郡小鹿野町小鹿野89,36.017138,139.008604,10928 
11369,東秩父村,秩父郡東秩父村大字御堂634,36.058148,139.194573,2709 
11381,美里町,児玉郡美里町大字木部323-1,36.177104,139.18141,11039 
11383,神川町,児玉郡神川町大字植竹909,36.213901,139.101578,13359 
11385,上里町,児玉郡上里町大字七本木5518,36.251615,139.14487,30343 
11408,寄居町,大里郡寄居町大字寄居1180-1,36.118348,139.193014,32374 
11442,宮代町,南埼玉郡宮代町笠原1-4-1,36.022593,139.723069,34147 
11464,杉戸町,北葛飾郡杉戸町清地2-9-29,36.025618,139.736829,43845 
11465,松伏町,北葛飾郡松伏町大字松伏2424,35.925751,139.815139,28266 
12100,千葉市,千葉市中央区千葉港1-1,35.607331,140.10638,974951 
12202,銚子市,銚子市若宮町1-1,35.734667,140.826791,58431 
12203,市川市,市川市八幡1-1-1,35.721857,139.931067,496676 
12204,船橋市,船橋市湊町2-10-25,35.694711,139.982621,642907 
12205,館山市,館山市北条1145-1,34.996608,139.870085,45153 
12206,木更津市,木更津市富士見1-2-1,35.381208,139.924905,136166 
12207,松戸市,松戸市根本387-5,35.787652,139.903226,498232 
12208,野田市,野田市鶴奉7-1,35.955106,139.874828,152638 
12210,茂原市,茂原市道表1,35.42854,140.28805,86782 
12211,成田市,成田市花崎町760,35.776605,140.318781,132906 
12212,佐倉市,佐倉市海隣寺町97,35.723441,140.223972,168743 
12213,東金市,東金市東岩崎1番地1,35.559932,140.366115,58219 
12215,旭市,旭市ニの2132番地,35.716034,140.648178,63745 
12216,習志野市,習志野市鷺沼2-1-1,35.681631,140.027288,176197 
12217,柏市,柏市柏5-10-1,35.868295,139.976199,426468 
12218,勝浦市,勝浦市新官1343-1,35.152211,140.320868,16927 
12219,市原市,市原市国分寺台中央1-1-1,35.497897,140.115594,269524 
12220,流山市,流山市平和台1-1-1,35.856287,139.902586,199849 
12221,八千代市,八千代市大和田新田312-5,35.722381,140.099915,199498 
12222,我孫子市,我孫子市我孫子1858,35.864162,140.028225,130510 
12223,鴨川市,鴨川市横渚1450,35.114017,140.098805,32116 
12224,鎌ケ谷市,鎌ケ谷市新鎌ケ谷2-6-1,35.776765,140.000736,109932 
12225,君津市,君津市久保2-13-1,35.330424,139.902561,82206 
12226,富津市,富津市下飯野2443,35.30414,139.857113,42465 
12227,浦安市,浦安市猫実1-1-1,35.653988,139.902187,171362 
12228,四街道市,四街道市鹿渡無番地,35.669713,140.167957,93576 
12229,袖ケ浦市,袖ケ浦市坂戸市場1-1,35.429945,139.954353,63883 
12230,八街市,八街市八街ほ35-29,35.665859,140.317913,67455 
12231,印西市,印西市大森2364-2,35.832332,140.145765,102609 
12232,白井市,白井市復1123,35.791503,140.056372,62441 
12233,富里市,富里市七栄652-1,35.72681,140.343071,49735 
12234,南房総市,南房総市富浦町青木28,35.043147,139.839997,35831 
12235,匝瑳市,匝瑳市八日市場ハ793番地2,35.707914,140.564356,35040 
12236,香取市,香取市佐原ロ2127,35.89773,140.499248,72356 
12237,山武市,山武市殿台296,35.602992,140.413531,48444 
12238,いすみ市,いすみ市大原7400-1,35.253887,140.385117,35544 
12239,大網白里市,大網白里市大網115-2,35.521708,140.320963,48129 
12322,酒々井町,印旛郡酒々井町中央台4-11,35.724751,140.269483,20745 
12329,栄町,印旛郡栄町安食台1-2,35.840866,140.243945,20127 
12342,神崎町,香取郡神崎町神崎本宿163,35.901611,140.405326,5816 
12347,多古町,香取郡多古町多古584,35.735592,140.467727,13735 
12349,東庄町,香取郡東庄町笹川い4713-131,35.83715,140.668786,13228 
12403,九十九里町,山武郡九十九里町片貝4099,35.535065,140.44025,14639 
12409,芝山町,山武郡芝山町小池992,35.693064,140.414255,7033 
12410,横芝光町,山武郡横芝光町宮川11902,35.665609,140.504396,22075 
12421,一宮町,長生郡一宮町一宮2457,35.372812,140.368734,11897 
12422,睦沢町,長生郡睦沢町下之郷1650-1,35.361091,140.319275,6760 
12423,長生村,長生郡長生村本郷1-77,35.412179,140.354058,13803 
12424,白子町,長生郡白子町関5074-2,35.45434,140.374253,10305 
12426,長柄町,長生郡長柄町桜谷712,35.431152,140.227073,6721 
12427,長南町,長生郡長南町長南2110,35.386423,140.237039,7198 
12441,大多喜町,夷隅郡大多喜町大多喜93,35.284822,140.245419,8885 
12443,御宿町,夷隅郡御宿町須賀1522,35.191484,140.348785,6874 
12463,鋸南町,安房郡鋸南町下佐久間3458,35.111131,139.835645,6993 
13101,千代田区,千代田区九段南1-2-1,35.694003,139.753634,66680 
13102,中央区,中央区築地1-1-1,35.670587,139.772003,169179 
13103,港区,港区芝公園1-5-25,35.658071,139.751599,260486 
13104,新宿区,新宿区歌舞伎町1-4-1,35.69389,139.703463,349385 
13105,文京区,文京区春日1-16-21,35.707976,139.752473,240069 
13106,台東区,台東区東上野4-5-6,35.712607,139.779984,211444 
13107,墨田区,墨田区吾妻橋1-23-20,35.710724,139.801497,272085 
13108,江東区,江東区東陽4-11-28,35.672859,139.817365,524310 
13109,品川区,品川区広町2-1-36,35.609066,139.73025,422488 
13110,目黒区,目黒区上目黒2-19-15,35.64141,139.698118,288088 
13111,大田区,大田区蒲田5-13-14,35.56126,139.715987,748081 
13112,世田谷区,世田谷区世田谷4-21-27,35.646481,139.653208,943664 
13113,渋谷区,渋谷区宇田川町1-1,35.663982,139.697948,243883 
13114,中野区,中野区中野4-8-1,35.707268,139.663738,344880 
13115,杉並区,杉並区阿佐谷南1-15-1,35.699546,139.636414,591108 
13116,豊島区,豊島区南池袋2-45-1,35.726121,139.716678,301599 
13117,北区,北区王子本町1-15-22,35.752805,139.733657,355213 
13118,荒川区,荒川区荒川2-2-3,35.736083,139.783372,217475 
13119,板橋区,板橋区板橋2-66-1,35.751245,139.709246,584483 
13120,練馬区,練馬区豊玉北6-12-1,35.7356,139.651725,752608 
13121,足立区,足立区中央本町1-17-1,35.774945,139.804584,695043 
13122,葛飾区,葛飾区立石5-13-1,35.74343,139.847213,453093 
13123,江戸川区,江戸川区中央1-4-1,35.706648,139.868312,697932 
13201,八王子市,八王子市元本郷町3-24-1,35.66657,139.316075,579355 
13202,立川市,立川市泉町1156-9,35.713981,139.407846,183581 
13203,武蔵野市,武蔵野市緑町2-2-28,35.717837,139.565938,150149 
13204,三鷹市,三鷹市野崎1-1-1,35.683308,139.559883,195391 
13205,青梅市,青梅市東青梅1-11-1,35.788171,139.274994,133535 
13206,府中市,府中市宮西町2-24,35.668921,139.477663,262790 
13207,昭島市,昭島市田中町1-17-1,35.705705,139.353773,113949 
13208,調布市,調布市小島町2-35-1,35.650628,139.540683,242614 
13209,町田市,町田市森野2-2-22,35.546559,139.438527,431079 
13210,小金井市,小金井市本町6-6-3,35.699479,139.502989,126074 
13211,小平市,小平市小川町2-1333,35.728496,139.477474,198739 
13212,日野市,日野市神明1-12-1,35.671347,139.394981,190435 
13213,東村山市,東村山市本町1-2-3,35.754624,139.468484,151815 
13214,国分寺市,国分寺市戸倉1-6-1,35.710943,139.462252,129242 
13215,国立市,国立市富士見台2-47-1,35.683912,139.441366,77130 
13218,福生市,福生市本町5,35.738601,139.326744,56414 
13219,狛江市,狛江市和泉本町1-1-5,35.634814,139.578696,84772 
13220,東大和市,東大和市中央3-930,35.745328,139.426591,83901 
13221,清瀬市,清瀬市中里5-842,35.785275,139.52685,76208 
13222,東久留米市,東久留米市本町3-3-1,35.757992,139.529673,115271 
13223,武蔵村山市,武蔵村山市本町1-1-1,35.754906,139.387421,70829 
13224,多摩市,多摩市関戸6-12-1,35.636959,139.446366,146951 
13225,稲城市,稲城市東長沼2111,35.637938,139.504603,93151 
13227,羽村市,羽村市緑ヶ丘5-2-1,35.767168,139.311042,54326 
13228,あきる野市,あきる野市二宮350,35.728959,139.294046,79292 
13229,西東京市,西東京市南町5-6-13,35.725499,139.538159,207388 
13303,瑞穂町,西多摩郡瑞穂町大字箱根ヶ崎2335,35.771924,139.354116,31765 
13305,日の出町,西多摩郡日の出町平井2780,35.742115,139.257405,16958 
13307,檜原村,西多摩郡檜原村467-1,35.72684,139.148852,2003 
13308,奥多摩町,西多摩郡奥多摩町氷川215-6,35.80952,139.096214,4750 
13361,大島町,大島町元町1-1-14,34.750058,139.355619,7102 
13362,利島村,利島村248,34.529354,139.282584,327 
13363,新島村,新島村本村1-1-1,34.377138,139.256556,2441 
13364,神津島村,神津島村904,34.205371,139.134426,1855 
13381,三宅村,三宅島三宅村阿古497,34.075779,139.479747,2273 
13382,御蔵島村,御蔵島村字入かねが沢,33.897156,139.596009,323 
13401,八丈町,八丈島八丈町大賀郷2551-2,33.112802,139.789065,7042 
13402,青ヶ島村,青ヶ島村無番地,32.466537,139.763337,169 
13421,小笠原村,小笠原村父島字西町,27.09438,142.191904,2929 
14100,横浜市,横浜市中区本町6-50-10,35.450195,139.634903,3777491 
14130,川崎市,川崎市川崎区宮本町1,35.530806,139.703012,1538262 
14150,相模原市,相模原市中央区中央2-11-15,35.571376,139.373268,725493 
14201,横須賀市,横須賀市小川町11,35.281276,139.672284,388078 
14203,平塚市,平塚市浅間町9-1,35.335502,139.349412,258422 
14204,鎌倉市,鎌倉市御成町18-10,35.319228,139.54669,172710 
14205,藤沢市,藤沢市朝日町1-1,35.33894,139.491116,436905 
14206,小田原市,小田原市荻窪300,35.264694,139.152355,188856 
14207,茅ヶ崎市,茅ヶ崎市茅ヶ崎1-1-1,35.333879,139.404702,242389 
14208,逗子市,逗子市逗子5-2-16,35.295592,139.580414,57060 
14210,三浦市,三浦市城山町1-1,35.144176,139.620765,42069 
14211,秦野市,秦野市桜町1-3-2,35.3748,139.219946,162439 
14212,厚木市,厚木市中町3-17-17,35.443049,139.362442,223705 
14213,大和市,大和市下鶴間1-1-1,35.487515,139.45795,239169 
14214,伊勢原市,伊勢原市田中348,35.402985,139.314906,101780 
14215,海老名市,海老名市勝瀬175-1,35.446449,139.390803,136516 
14216,座間市,座間市緑ヶ丘1-1-1,35.48864,139.407637,132325 
14217,南足柄市,南足柄市関本440,35.320633,139.099729,40841 
14218,綾瀬市,綾瀬市早川550,35.437161,139.426348,83913 
14301,葉山町,三浦郡葉山町堀内2135,35.272025,139.586275,31665 
14321,寒川町,高座郡寒川町宮山165,35.372963,139.384188,48348 
14341,大磯町,中郡大磯町東小磯183,35.30694,139.311348,31634 
14342,二宮町,中郡二宮町二宮961,35.299494,139.255525,27564 
14361,中井町,足柄上郡中井町比奈窪56,35.330751,139.218766,9300 
14362,大井町,足柄上郡大井町金子1995,35.326619,139.156649,17129 
14363,松田町,足柄上郡松田町松田惣領2037,35.348199,139.139337,10836 
14364,山北町,足柄上郡山北町山北1301-4,35.360631,139.083806,9761 
14366,開成町,足柄上郡開成町延沢773,35.336058,139.12341,18329 
14382,箱根町,足柄下郡箱根町湯本256,35.232301,139.106886,11293 
14383,真鶴町,足柄下郡真鶴町岩244-1,35.158399,139.137233,6722 
14384,湯河原町,足柄下郡湯河原町中央2-2-1,35.147931,139.108336,23426 
14401,愛川町,愛甲郡愛川町角田251-1,35.528746,139.32172,39869 
14402,清川村,愛甲郡清川村煤ヶ谷2216,35.48233,139.276374,3038 
15100,新潟市,新潟市中央区学校町通1番町602-1,37.916128,139.036402,789275 
15202,長岡市,長岡市大手通1-4-10,37.446587,138.851224,266936 
15204,三条市,三条市旭町2-3-1,37.636768,138.9617,94642 
15205,柏崎市,柏崎市日石町2-1,37.364903,138.557756,81526 
15206,新発田市,新発田市中央町3-3-3,37.947954,139.327151,94927 
15208,小千谷市,小千谷市城内2-7-5,37.31435,138.795097,34096 
15209,加茂市,加茂市幸町2-3-5,37.666335,139.04022,25441 
15210,十日町市,十日町市千歳町3-3,37.127588,138.75571,49820 
15211,見附市,見附市昭和町2-1-1,37.531496,138.912724,39237 
15212,村上市,村上市三之町1-1,38.22399,139.48004,57418 
15213,燕市,燕市吉田西太田1934,37.673149,138.882249,77201 
15216,糸魚川市,糸魚川市一の宮1-2-5,37.039025,137.862658,40765 
15217,妙高市,妙高市栄町5-1,37.025265,138.253485,30383 
15218,五泉市,五泉市太田1094-1,37.744483,139.182568,47625 
15222,上越市,上越市木田1丁目1-3,37.147873,138.236039,188047 
15223,阿賀野市,阿賀野市岡山町10-15,37.834509,139.226002,40696 
15224,佐渡市,佐渡市千種232,38.018302,138.368138,51492 
15225,魚沼市,魚沼市小出島910,37.236431,138.963775,34483 
15226,南魚沼市,南魚沼市六日町180-1,37.065522,138.876081,54851 
15227,胎内市,胎内市新和町2-10,38.059708,139.41035,28509 
15307,聖籠町,北蒲原郡聖籠町大字諏訪山1635-4,37.974526,139.274374,14259 
15342,弥彦村,西蒲原郡弥彦村大字矢作402,37.691007,138.855252,7705 
15361,田上町,南蒲原郡田上町原ヶ崎新田3070,37.698857,139.057993,11227 
15385,阿賀町,東蒲原郡阿賀町津川580,37.675487,139.458781,9965 
15405,出雲崎町,三島郡出雲崎町大字川西140,37.530715,138.709361,4113 
15461,湯沢町,南魚沼郡湯沢町大字神立300,36.934007,138.817424,7767 
15482,津南町,中魚沼郡津南町大字下船渡戊585,37.014313,138.652547,8989 
15504,刈羽村,刈羽郡刈羽村大字割町新田215-1,37.422361,138.622442,4380 
15581,関川村,岩船郡関川村大字下関912,38.089412,139.564957,5144 
15586,粟島浦村,岩船郡粟島浦村字日ノ見山1513-11,38.468213,139.25436,353 
16201,富山市,富山市新桜町7-38,36.695982,137.213449,413938 
16202,高岡市,高岡市広小路7-50,36.754099,137.025717,166393 
16204,魚津市,魚津市釈迦堂1-10-1,36.827367,137.40919,40535 
16205,氷見市,氷見市鞍川1060番地,36.855978,136.972868,43950 
16206,滑川市,滑川市寺家町104,36.764394,137.34118,32349 
16207,黒部市,黒部市三日市1301,36.87151,137.448028,39638 
16208,砺波市,砺波市栄町7-3,36.647467,136.962167,48154 
16209,小矢部市,小矢部市本町1-1,36.675531,136.868653,28983 
16210,南砺市,南砺市荒木1550番地,36.557453,136.875434,47937 
16211,射水市,射水市新開発410-1,36.730479,137.075399,90742 
16321,舟橋村,中新川郡舟橋村仏生寺55,36.703525,137.307372,3132 
16322,上市町,中新川郡上市町法音寺1,36.698429,137.362586,19351 
16323,立山町,中新川郡立山町前沢2440,36.663346,137.313658,24792 
16342,入善町,下新川郡入善町入膳3255,36.933578,137.502128,23839 
16343,朝日町,下新川郡朝日町道下1133,36.946179,137.559868,11081 
17201,金沢市,金沢市広坂1-1-1,36.561051,136.656633,463254 
17202,七尾市,七尾市袖ヶ江町イ部25,37.043108,136.967296,50300 
17203,小松市,小松市小馬出町91,36.408357,136.445588,106216 
17204,輪島市,輪島市二ツ屋町2字29,37.390554,136.899172,24608 
17205,珠洲市,珠洲市上戸町北方1の6の2,37.436369,137.260406,12929 
17206,加賀市,加賀市大聖寺南町ニ41,36.302669,136.314685,63220 
17207,羽咋市,羽咋市旭町ア200,36.893599,136.778999,20407 
17209,かほく市,かほく市宇野気ニ81,36.719973,136.706668,34889 
17210,白山市,白山市倉光2-1,36.514427,136.565833,110408 
17211,能美市,能美市来丸町1110,36.446888,136.554028,48523 
17212,野々市市,野々市市三納1-1,36.519466,136.609685,57238 
17324,川北町,能美郡川北町壱ツ屋174,36.468505,136.542407,6135 
17361,津幡町,河北郡津幡町加賀爪ニ3,36.668798,136.728885,36957 
17365,内灘町,河北郡内灘町字大学1-2-1,36.65353,136.645125,26574 
17384,志賀町,羽咋郡志賀町末吉千古1-1,37.006187,136.77801,18630 
17386,宝達志水町,羽咋郡宝達志水町子浦そ18-1,36.862759,136.797557,12121 
17407,中能登町,鹿島郡中能登町末坂9部46番地,36.98889,136.901476,16540 
17461,穴水町,鳳珠郡穴水町字川島ラ174,37.230874,136.912479,7890 
17463,能登町,鳳珠郡能登町字宇出津ト字50番地1,37.310414,137.147782,15687 
18201,福井市,福井市大手3-10-1,36.06412,136.219452,262328 
18202,敦賀市,敦賀市中央町2-1-1,35.645588,136.055437,64264 
18204,小浜市,小浜市大手町6-3,35.495593,135.746647,28991 
18205,大野市,大野市天神町1-1,35.980564,136.487692,31286 
18206,勝山市,勝山市元町1-1-1,36.060917,136.500542,22150 
18207,鯖江市,鯖江市西山町13-1,35.956565,136.184238,68302 
18208,あわら市,あわら市市姫3-1-1,36.211361,136.229012,27524 
18209,越前市,越前市府中1-13-7,35.90392,136.168989,80611 
18210,坂井市,坂井市坂井町下新庄1-1,36.166805,136.231501,88481 
18322,永平寺町,吉田郡永平寺町松岡春日1-4,36.092248,136.298724,18965 
18382,池田町,今立郡池田町稲荷35-4,35.890383,136.344079,2423 
18404,南越前町,南条郡南越前町東大道29-1,35.83515,136.194435,10002 
18423,越前町,丹生郡越前町西田中13-5-1,35.974199,136.129191,20118 
18442,美浜町,三方郡美浜町郷市25-25,35.6006,135.940619,9179 
18481,高浜町,大飯郡高浜町宮崎86-23-2,35.487904,135.545969,10326 
18483,おおい町,大飯郡おおい町本郷136-1-1,35.481128,135.617885,7910 
18501,若狭町,三方上中郡若狭町中央1-1,35.548882,135.908384,14003 
19201,甲府市,甲府市丸の内1-18-1,35.662033,138.568339,189591 
19202,富士吉田市,富士吉田市下吉田6-1-1,35.487499,138.807857,46530 
19204,都留市,都留市上谷1-1-1,35.551565,138.90547,31016 
19205,山梨市,山梨市小原西843,35.693429,138.686955,33435 
19206,大月市,大月市大月2-6-20,35.610474,138.940041,22512 
19207,韮崎市,韮崎市水神1-3-1,35.708804,138.446192,29067 
19208,南アルプス市,南アルプス市小笠原376,35.608361,138.465005,69459 
19209,北杜市,北杜市須玉町大豆生田961-1,35.776501,138.423537,44053 
19210,甲斐市,甲斐市篠原2610,35.660829,138.515796,75313 
19211,笛吹市,笛吹市石和町市部777,35.647296,138.63973,66947 
19212,上野原市,上野原市上野原3832,35.630301,139.108751,22669 
19213,甲州市,甲州市塩山上於曽1085番地1,35.704286,138.729424,29237 
19214,中央市,中央市臼井阿原301-1,35.599643,138.517269,31216 
19346,市川三郷町,西八代郡市川三郷町市川大門1790-3,35.56512,138.502406,14700 
19364,早川町,南巨摩郡早川町高住758,35.412658,138.363192,1098 
19365,身延町,南巨摩郡身延町切石350,35.467569,138.442488,10663 
19366,南部町,南巨摩郡南部町福士28505-2,35.2423,138.486054,7156 
19368,富士川町,南巨摩郡富士川町天神中条1134,35.561163,138.461305,14219 
19384,昭和町,中巨摩郡昭和町押越542-2,35.627928,138.535148,20909 
19422,道志村,南都留郡道志村6181-1,35.528025,139.033429,1607 
19423,西桂町,南都留郡西桂町小沼1501-1,35.524082,138.84688,4041 
19424,忍野村,南都留郡忍野村忍草1514,35.460062,138.847853,9237 
19425,山中湖村,南都留郡山中湖村山中237-1,35.410644,138.861078,5179 
19429,鳴沢村,南都留郡鳴沢村1575,35.481318,138.706609,2824 
19430,富士河口湖町,南都留郡富士河口湖町船津1700,35.497297,138.754926,26082 
19442,小菅村,北都留郡小菅村4698,35.760274,138.940283,684 
19443,丹波山村,北都留郡丹波山村890,35.789716,138.92225,530 
20201,長野市,長野市大字鶴賀緑町1613,36.648631,138.194287,372760 
20202,松本市,松本市丸の内3-7,36.238096,137.971992,241145 
20203,上田市,上田市大手1-11-16,36.401978,138.248676,154055 
20204,岡谷市,岡谷市幸町8-1,36.067003,138.049557,47790 
20205,飯田市,飯田市大久保町2534,35.514703,137.821824,98164 
20206,諏訪市,諏訪市高島1-22-30,36.039175,138.113984,48729 
20207,須坂市,須坂市大字須坂1528-1,36.651117,138.307275,49559 
20208,小諸市,小諸市相生町3-3-3,36.326874,138.426021,40991 
20209,伊那市,伊那市下新田3050,35.827478,137.954083,66125 
20210,駒ヶ根市,駒ヶ根市赤須町20-1,35.728861,137.933993,32202 
20211,中野市,中野市三好町1-3-19,36.742027,138.36947,42338 
20212,大町市,大町市大町3887,36.502976,137.851169,26029 
20213,飯山市,飯山市大字飯山1110-1,36.851745,138.365498,19539 
20214,茅野市,茅野市塚原2-6-1,35.995571,138.158896,56400 
20215,塩尻市,塩尻市大門7番町3-3,36.11502,137.95338,67241 
20217,佐久市,佐久市中込3056,36.248788,138.476831,98199 
20218,千曲市,千曲市杭瀬下2丁目1番地,36.530707,138.114895,58852 
20219,東御市,東御市県281-2,36.35955,138.330295,30122 
20220,安曇野市,安曇野市豊科6000,36.303933,137.905755,94222 
20303,小海町,南佐久郡小海町大字豊里57-1,36.095241,138.483515,4353 
20304,川上村,南佐久郡川上村大字大深山525,35.975487,138.578605,4344 
20305,南牧村,南佐久郡南牧村大字海ノ口1051,36.020907,138.492185,3242 
20306,南相木村,南佐久郡南相木村3525-1,36.036072,138.54689,962 
20307,北相木村,南佐久郡北相木村2744,36.059195,138.551203,752 
20309,佐久穂町,南佐久郡佐久穂町大字高野町569,36.16098,138.483425,10218 
20321,軽井沢町,北佐久郡軽井沢町大字長倉2381-1,36.34831,138.596966,19188 
20323,御代田町,北佐久郡御代田町大字馬瀬口1794-6,36.322732,138.506505,15555 
20324,立科町,北佐久郡立科町大字芦田2532,36.272089,138.315991,6612 
20349,青木村,小県郡青木村大字田沢111,36.369998,138.128698,4121 
20350,長和町,小県郡長和町古町4247-1,36.269903,138.258071,5600 
20361,下諏訪町,諏訪郡下諏訪町4613-8,36.069577,138.080068,19155 
20362,富士見町,諏訪郡富士見町落合10777,35.914652,138.24074,14084 
20363,原村,諏訪郡原村6549-1,35.964354,138.217471,7680 
20382,辰野町,上伊那郡辰野町中央1,35.982413,137.987428,18555 
20383,箕輪町,上伊那郡箕輪町大字中箕輪10298,35.91502,137.981992,24989 
20384,飯島町,上伊那郡飯島町飯島2537,35.676622,137.919523,9004 
20385,南箕輪村,上伊那郡南箕輪村4825-1,35.872853,137.975084,15797 
20386,中川村,上伊那郡中川村大草4045-1,35.634617,137.945961,4651 
20388,宮田村,上伊那郡宮田村98,35.768882,137.944209,8569 
20402,松川町,下伊那郡松川町元大島3823,35.597231,137.909667,12530 
20403,高森町,下伊那郡高森町下市田2183-1,35.551542,137.878519,12811 
20404,阿南町,下伊那郡阿南町東條58-1,35.32362,137.81609,4299 
20407,阿智村,下伊那郡阿智村駒場483,35.443791,137.747444,6068 
20409,平谷村,下伊那郡平谷村354,35.323279,137.630083,387 
20410,根羽村,下伊那郡根羽村2131-1,35.255296,137.581784,852 
20411,下條村,下伊那郡下條村睦沢8801-1,35.39733,137.785926,3545 
20412,売木村,下伊那郡売木村968-1,35.271068,137.711191,548 
20413,天龍村,下伊那郡天龍村平岡878,35.276307,137.854244,1178 
20414,泰阜村,下伊那郡泰阜村3236-1,35.377434,137.846157,1542 
20415,喬木村,下伊那郡喬木村6664,35.513823,137.873751,5973 
20416,豊丘村,下伊那郡豊丘村大字神稲3120,35.551497,137.895791,6426 
20417,大鹿村,下伊那郡大鹿村大字大河原354,35.578234,138.034044,1023 
20422,上松町,木曽郡上松町大字上松159番地4,35.782187,137.693235,4131 
20423,南木曽町,木曽郡南木曽町大字読書3668-1,35.603787,137.608936,3915 
20425,木祖村,木曽郡木祖村薮原1191-1,35.936307,137.783163,2692 
20429,王滝村,木曽郡王滝村3623,35.809343,137.551076,715 
20430,大桑村,木曽郡大桑村大字長野880-1,35.68924,137.671432,3439 
20432,木曽町,木曽郡木曽町福島2326-6,35.841898,137.69133,10584 
20446,麻績村,東筑摩郡麻績村麻3837,36.456086,138.045267,2593 
20448,生坂村,東筑摩郡生坂村5493-2,36.425234,137.927484,1639 
20450,山形村,東筑摩郡山形村2030-1,36.168104,137.87897,8400 
20451,朝日村,東筑摩郡朝日村大字古見1555-1,36.129115,137.867267,4279 
20452,筑北村,東筑摩郡筑北村西条4195,36.402654,138.011775,4149 
20481,池田町,北安曇郡池田町大字池田3203-6,36.421368,137.874499,9382 
20482,松川村,北安曇郡松川村76-5,36.424045,137.854556,9599 
20485,白馬村,北安曇郡白馬村大字北城7025,36.69807,137.861969,8575 
20486,小谷村,北安曇郡小谷村大字中小谷丙131,36.779206,137.908305,2647 
20521,坂城町,埴科郡坂城町大字坂城10050,36.461839,138.180106,14004 
20541,小布施町,上高井郡小布施町大字小布施1491-2,36.697478,138.312146,10660 
20543,高山村,上高井郡高山村大字高井4972,36.67977,138.363261,6617 
20561,山ノ内町,下高井郡山ノ内町大字平穏3352-1,36.744606,138.412621,11352 
20562,木島平村,下高井郡木島平村大字往郷914-6,36.857947,138.406966,4375 
20563,野沢温泉村,下高井郡野沢温泉村大字豊郷9817,36.922728,138.440456,3279 
20583,信濃町,上水内郡信濃町大字柏原428-2,36.806379,138.206991,7739 
20588,小川村,上水内郡小川村大字高府8800-8,36.617135,137.974801,2215 
20590,飯綱町,上水内郡飯綱町大字牟礼2795-1,36.754421,138.23548,10296 
20602,栄村,下水内郡栄村大字北信3433,36.987481,138.577359,1660 
21201,岐阜市,岐阜市司町40番地1,35.426201,136.759937,402557 
21202,大垣市,大垣市丸の内2-29,35.35989,136.612795,158286 
21203,高山市,高山市花岡町2-18,36.146093,137.252206,84419 
21204,多治見市,多治見市日ノ出町2-15,35.332773,137.132078,106732 
21205,関市,関市若草通3-1,35.495777,136.917895,85283 
21206,中津川市,中津川市かやの木町2-1,35.487493,137.500616,76570 
21207,美濃市,美濃市1350,35.544713,136.90757,19247 
21208,瑞浪市,瑞浪市上平町1-1,35.36174,137.254639,37150 
21209,羽島市,羽島市竹鼻町55,35.319489,136.702718,65649 
21210,恵那市,恵那市長島町正家1-1-1,35.44932,137.412817,47774 
21211,美濃加茂市,美濃加茂市太田町3431-1,35.440242,137.015664,56689 
21212,土岐市,土岐市土岐津町土岐口2101,35.352497,137.183205,55348 
21213,各務原市,各務原市那加桜町1-69,35.398621,136.848479,144521 
21214,可児市,可児市広見1-1,35.426132,137.061075,99968 
21215,山県市,山県市高木1000-1,35.506111,136.781401,25280 
21216,瑞穂市,瑞穂市別府1288,35.391826,136.690784,56388 
21217,飛騨市,飛騨市古川町本町2-22,36.238144,137.186246,22538 
21218,本巣市,本巣市文殊324,35.483052,136.678771,32928 
21219,郡上市,郡上市八幡町島谷228,35.748569,136.964368,38997 
21220,下呂市,下呂市森960,35.805879,137.244061,30428 
21221,海津市,海津市海津町高須515,35.22047,136.636612,32735 
21302,岐南町,羽島郡岐南町八剣7-107,35.389594,136.78262,25881 
21303,笠松町,羽島郡笠松町司町1,35.367222,136.763192,22208 
21341,養老町,養老郡養老町高田798,35.308411,136.561359,26882 
21361,垂井町,不破郡垂井町宮代2957-11,35.366268,136.537944,26402 
21362,関ケ原町,不破郡関ケ原町大字関ケ原894-58,35.365523,136.466976,6610 
21381,神戸町,安八郡神戸町大字神戸1111,35.417349,136.608517,18585 
21382,輪之内町,安八郡輪之内町四郷2530-1,35.285113,136.637444,9654 
21383,安八町,安八郡安八町氷取161,35.335418,136.665415,14355 
21401,揖斐川町,揖斐郡揖斐川町三輪133,35.486948,136.5682,19529 
21403,大野町,揖斐郡大野町大字大野80,35.470675,136.627636,22041 
21404,池田町,揖斐郡池田町六之井1468-1,35.4423,136.572851,23360 
21421,北方町,本巣郡北方町長谷川1-1,35.435721,136.684408,18139 
21501,坂祝町,加茂郡坂祝町取組46-18,35.426734,136.98537,8071 
21502,富加町,加茂郡富加町滝田1511,35.484761,136.979707,5626 
21503,川辺町,加茂郡川辺町中川辺1518-4,35.486548,137.070605,9860 
21504,七宗町,加茂郡七宗町上麻生2442-3,35.54384,137.119946,3402 
21505,八百津町,加茂郡八百津町八百津3903-2,35.475988,137.141499,10195 
21506,白川町,加茂郡白川町河岐715,35.581862,137.187821,7412 
21507,東白川村,加茂郡東白川村神土548,35.64256,137.323745,2016 
21521,御嵩町,可児郡御嵩町御嵩1239-1,35.434493,137.130885,17516 
21604,白川村,大野郡白川村鳩谷517,36.270904,136.898542,1511 
22100,静岡市,静岡市葵区追手町5-1,34.975473,138.382388,693389 
22130,浜松市,浜松市中区元城町103-2,34.710865,137.726117,790718 
22203,沼津市,沼津市御幸町16-1,35.095723,138.863337,189386 
22205,熱海市,熱海市中央町1-1,35.095987,139.071546,34208 
22206,三島市,三島市北田町4-47,35.118483,138.918501,107783 
22207,富士宮市,富士宮市弓沢町150,35.221983,138.621656,128105 
22208,伊東市,伊東市大原二丁目1-1,34.96568,139.102048,65491 
22209,島田市,島田市中央町1-1,34.836417,138.176055,95719 
22210,富士市,富士市永田町1-100,35.161386,138.676311,245392 
22211,磐田市,磐田市国府台3-1,34.717881,137.851511,166672 
22212,焼津市,焼津市本町2-16-32,34.86717,138.322812,136845 
22213,掛川市,掛川市長谷一丁目1番地の1,34.768717,137.998403,114954 
22214,藤枝市,藤枝市岡出山1-11-1,34.867349,138.257548,141342 
22215,御殿場市,御殿場市萩原483,35.308615,138.934506,86614 
22216,袋井市,袋井市新屋1-1-1,34.75016,137.924624,87864 
22219,下田市,下田市東本郷1-5-18,34.679536,138.945316,20183 
22220,裾野市,裾野市佐野1059,35.173891,138.906724,50911 
22221,湖西市,湖西市吉美3268,34.718474,137.531617,57885 
22222,伊豆市,伊豆市小立野38-2,34.976591,138.946715,28190 
22223,御前崎市,御前崎市池新田5585,34.637977,138.128117,31103 
22224,菊川市,菊川市堀之内61,34.757721,138.084539,47789 
22225,伊豆の国市,伊豆の国市長岡340-1,35.027713,138.928885,46804 
22226,牧之原市,牧之原市静波447-1,34.740059,138.224641,43502 
22301,東伊豆町,賀茂郡東伊豆町稲取3354,34.772816,139.041265,11488 
22302,河津町,賀茂郡河津町田中212-2,34.757018,138.987622,6870 
22304,南伊豆町,賀茂郡南伊豆町下賀茂315-1,34.651089,138.858533,7877 
22305,松崎町,賀茂郡松崎町宮内301-1,34.752763,138.778757,6038 
22306,西伊豆町,賀茂郡西伊豆町仁科401-1,34.771693,138.775334,7090 
22325,函南町,田方郡函南町平井717-13,35.088937,138.953348,36794 
22341,清水町,駿東郡清水町堂庭210-1,35.099015,138.90272,31710 
22342,長泉町,駿東郡長泉町中土狩828,35.137712,138.897258,43336 
22344,小山町,駿東郡小山町藤曲57-2,35.36011,138.987296,18568 
22424,吉田町,榛原郡吉田町住吉87,34.77087,138.251943,28919 
22429,川根本町,榛原郡川根本町上長尾627,35.046822,138.081695,6206 
22461,森町,周智郡森町森2101-1,34.835601,137.927088,17457 
23100,名古屋市,名古屋市中区三の丸3-1-1,35.181433,136.906421,2332176 
23201,豊橋市,豊橋市今橋町1,34.769199,137.391469,371920 
23202,岡崎市,岡崎市十王町2-9,34.954809,137.172999,384654 
23203,一宮市,一宮市本町2-5-6,35.304013,136.802344,380073 
23204,瀬戸市,瀬戸市追分町64-1,35.22362,137.084117,127792 
23205,半田市,半田市東洋町2-1,34.892626,136.93785,117884 
23206,春日井市,春日井市鳥居松町5-44,35.247664,136.972232,308681 
23207,豊川市,豊川市諏訪1-1,34.826784,137.375578,184661 
23208,津島市,津島市立込町2-21,35.17704,136.741236,60942 
23209,碧南市,碧南市松本町28,34.884782,136.993362,72458 
23210,刈谷市,刈谷市東陽町1-1,34.988864,137.00206,153834 
23211,豊田市,豊田市西町3-60,35.082345,137.156224,422330 
23212,安城市,安城市桜町18-23,34.958644,137.080297,187990 
23213,西尾市,西尾市寄住町下田22,34.862009,137.061741,169046 
23214,蒲郡市,蒲郡市旭町17-1,34.826439,137.219653,79538 
23215,犬山市,犬山市大字犬山字東畑36,35.378641,136.944625,73090 
23216,常滑市,常滑市飛香台3-3-5,34.896088,136.854483,58710 
23217,江南市,江南市赤童子町大堀90,35.331953,136.870453,98255 
23219,小牧市,小牧市堀の内3-1,35.290311,136.910948,148831 
23220,稲沢市,稲沢市稲府町1,35.248135,136.780216,134751 
23221,新城市,新城市字東入船115,34.899012,137.497858,44355 
23222,東海市,東海市中央町1-1,35.022976,136.902229,113787 
23223,大府市,大府市中央町5-70,35.011611,136.963868,93123 
23224,知多市,知多市緑町1,34.996533,136.864755,84364 
23225,知立市,知立市広見3-1,35.001285,137.050843,72193 
23226,尾張旭市,尾張旭市東大道町原田2600-1,35.216568,137.035412,83144 
23227,高浜市,高浜市青木町4-1-2,34.92763,136.98766,46106 
23228,岩倉市,岩倉市栄町1-66,35.279433,136.871428,47983 
23229,豊明市,豊明市新田町子持松1-1,35.053756,137.013124,69295 
23230,日進市,日進市蟹甲町池下268,35.132018,137.039414,91520 
23231,田原市,田原市田原町南番場30-1,34.668972,137.26383,59360 
23232,愛西市,愛西市稲葉町米野308,35.152802,136.728217,60829 
23233,清須市,清須市須ケ口1238,35.199848,136.852934,67352 
23234,北名古屋市,北名古屋市西之保清水田15,35.245657,136.865961,86385 
23235,弥富市,弥富市前ケ須町南本田335,35.110124,136.72477,43025 
23236,みよし市,みよし市三好町小坂50,35.089699,137.074728,61952 
23237,あま市,あま市木田戌亥18-1,35.200498,136.783227,86126 
23238,長久手市,長久手市岩作城の内60番地1,35.18412,137.048631,60162 
23302,東郷町,愛知郡東郷町大字春木字羽根穴1,35.09679,137.052623,43903 
23342,豊山町,西春日井郡豊山町大字豊場字新栄260,35.250462,136.911977,15613 
23361,大口町,丹羽郡大口町下小口七丁目155,35.332444,136.907694,24305 
23362,扶桑町,丹羽郡扶桑町大字高雄字天道330,35.35914,136.913079,34133 
23424,大治町,海部郡大治町大字馬島字大門西1-1,35.175089,136.8201,32399 
23425,蟹江町,海部郡蟹江町学戸3-1,35.132339,136.786679,37338 
23427,飛島村,海部郡飛島村竹之郷3-1,35.078804,136.791157,4575 
23441,阿久比町,知多郡阿久比町大字卯坂字殿越50,34.932569,136.915512,28383 
23442,東浦町,知多郡東浦町大字緒川字政所20,34.977139,136.965569,49596 
23445,南知多町,知多郡南知多町大字豊浜字貝ヶ坪18,34.715169,136.929934,16617 
23446,美浜町,知多郡美浜町大字河和字北田面106,34.778843,136.908251,22496 
23447,武豊町,知多郡武豊町字長尾山2,34.85097,136.914937,43535 
23501,幸田町,額田郡幸田町大字菱池字元林1-1,34.864425,137.165667,42449 
23561,設楽町,北設楽郡設楽町田口字辻前14,35.097298,137.571225,4437 
23562,東栄町,北設楽郡東栄町大字本郷字上前畑25,35.07693,137.697833,2942 
23563,豊根村,北設楽郡豊根村下黒川字蕨平2,35.146394,137.719871,1017 
24201,津市,津市西丸之内23-1,34.718563,136.505443,274537 
24202,四日市市,四日市市諏訪町1-5,34.965092,136.624427,305424 
24203,伊勢市,伊勢市岩渕1-7-29,34.487506,136.709286,122765 
24204,松阪市,松阪市殿町1340-1,34.577974,136.527595,159145 
24205,桑名市,桑名市中央町2-37,35.062288,136.683539,138613 
24207,鈴鹿市,鈴鹿市神戸1-18-18,34.881866,136.584185,195670 
24208,名張市,名張市鴻之台1番町1番地,34.627662,136.108299,76387 
24209,尾鷲市,尾鷲市中央町10-43,34.070799,136.190998,16252 
24210,亀山市,亀山市本丸町577,34.855755,136.451645,49835 
24211,鳥羽市,鳥羽市鳥羽三丁目1番1号,34.481432,136.843378,17525 
24212,熊野市,熊野市井戸町796,33.88862,136.100288,15965 
24214,いなべ市,いなべ市北勢町阿下喜31,35.158426,136.516697,44973 
24215,志摩市,志摩市阿児町鵜方3098-22,34.328218,136.829655,46057 
24216,伊賀市,伊賀市四十九町3184,34.749886,136.142286,88766 
24303,木曽岬町,桑名郡木曽岬町大字西対海地251,35.075958,136.731353,6023 
24324,東員町,員弁郡東員町大字山田1600,35.074125,136.583756,25784 
24341,菰野町,三重郡菰野町大字潤田1250,35.020001,136.507346,40559 
24343,朝日町,三重郡朝日町大字小向893,35.034221,136.664366,11021 
24344,川越町,三重郡川越町大字豊田一色280,35.02295,136.673971,15123 
24441,多気町,多気郡多気町相可1600,34.496156,136.546149,14021 
24442,明和町,多気郡明和町大字馬之上945,34.547528,136.623251,22445 
24443,大台町,多気郡大台町佐原750,34.39337,136.407876,8668 
24461,玉城町,度会郡玉城町田丸114-2,34.490276,136.630932,15041 
24470,度会町,度会郡度会町棚橋1215-1,34.4389,136.62251,7847 
24471,大紀町,度会郡大紀町滝原1610-1,34.358023,136.415798,7815 
24472,南伊勢町,度会郡南伊勢町五ヶ所浦3057,34.352059,136.70365,10989 
24543,紀北町,北牟婁郡紀北町東長島769番地1,34.211469,136.337275,14604 
24561,御浜町,南牟婁郡御浜町大字阿田和6120-1,33.814505,136.048677,8079 
24562,紀宝町,南牟婁郡紀宝町鵜殿324,33.73387,136.009715,10321 
25201,大津市,大津市御陵町3-1,35.018357,135.854666,345070 
25202,彦根市,彦根市元町4-2,35.274464,136.259623,113647 
25203,長浜市,長浜市八幡東町632,35.380758,136.278384,113636 
25204,近江八幡市,近江八幡市桜宮町236,35.128214,136.097846,81122 
25206,草津市,草津市草津3-13-30,35.013123,135.959994,143913 
25207,守山市,守山市吉身2-5-22,35.058663,135.99402,83236 
25208,栗東市,栗東市安養寺1-13-33,35.021614,135.997993,68820 
25209,甲賀市,甲賀市水口町水口6053,34.96612,136.167084,88358 
25210,野洲市,野洲市小篠原2100-1,35.06747,136.025873,50513 
25211,湖南市,湖南市中央1-1,35.004106,136.084693,54460 
25212,高島市,高島市新旭町北畑565,35.353052,136.035785,46377 
25213,東近江市,東近江市八日市緑町10-5,35.112603,136.20762,112819 
25214,米原市,米原市米原1016,35.315046,136.291402,37225 
25383,日野町,蒲生郡日野町河原1-1,35.018018,136.246023,20964 
25384,竜王町,蒲生郡竜王町大字小口3,35.06075,136.124438,11789 
25425,愛荘町,愛知郡愛荘町愛知川72,35.168834,136.212306,20893 
25441,豊郷町,犬上郡豊郷町石畑375,35.200171,136.230302,7132 
25442,甲良町,犬上郡甲良町大字在士353-1,35.204224,136.26135,6362 
25443,多賀町,犬上郡多賀町大字多賀324,35.222035,136.292199,7274 
26100,京都市,京都市中京区寺町通御池上る上本能寺前町488,35.011574,135.768181,1463723 
26201,福知山市,福知山市字内記13-1,35.296725,135.126532,77306 
26202,舞鶴市,舞鶴市字北吸1044,35.474797,135.385992,80336 
26203,綾部市,綾部市若竹町8-1,35.298916,135.258812,31846 
26204,宇治市,宇治市宇治琵琶33,34.8844,135.79978,179630 
26205,宮津市,宮津市字柳繩手345-1,35.535577,135.195567,16758 
26206,亀岡市,亀岡市安町野々神8,35.013475,135.573512,86174 
26207,城陽市,城陽市寺田東ノ口16・17,34.852958,135.780074,74607 
26208,向日市,向日市寺戸町中野20,34.948392,135.698402,56859 
26209,長岡京市,長岡京市開田1-1-1,34.926782,135.695685,80608 
26210,八幡市,八幡市八幡園内75,34.875533,135.707571,70433 
26211,京田辺市,京田辺市田辺80,34.814442,135.767842,73753 
26212,京丹後市,京丹後市峰山町杉谷889,35.624169,135.060997,50860 
26213,南丹市,南丹市園部町小桜町47,35.10739,135.470239,31629 
26214,木津川市,木津川市木津南垣外110-9,34.737179,135.820058,77907 
26303,大山崎町,乙訓郡大山崎町字円明寺小字夏目3,34.902795,135.688476,15953 
26322,久御山町,久世郡久御山町島田ミスノ38,34.881502,135.732564,15250 
26343,井手町,綴喜郡井手町大字井手小字南玉水67,34.798373,135.803308,7406 
26344,宇治田原町,綴喜郡宇治田原町大字立川小字坂口18-1,34.845154,135.868238,8911 
26364,笠置町,相楽郡笠置町大字笠置小字西通90-1,34.760497,135.93938,1144 
26365,和束町,相楽郡和束町大字釜塚小字生水14-2,34.795726,135.904866,3478 
26366,精華町,相楽郡精華町南稲八妻北尻70,34.760819,135.785686,36198 
26367,南山城村,相楽郡南山城村北大河原小字久保14-1,34.772787,135.993665,2391 
26407,京丹波町,船井郡京丹波町蒲生蒲生野487番地1,35.169997,135.419305,12907 
26463,伊根町,与謝郡伊根町字日出651,35.675172,135.272853,1928 
26465,与謝野町,与謝郡与謝野町字岩滝1798-1,35.565375,135.152916,20092 
27100,大阪市,大阪市北区中之島1-3-20,34.693891,135.502046,2752412 
27140,堺市,堺市堺区南瓦町3-1,34.573354,135.48302,826161 
27202,岸和田市,岸和田市岸城町7-1,34.460597,135.370871,190658 
27203,豊中市,豊中市中桜塚3-1-1,34.781239,135.469889,401558 
27204,池田市,池田市城南1-1-1,34.821686,135.428555,104993 
27205,吹田市,吹田市泉町1-3-40,34.759405,135.516799,385567 
27206,泉大津市,泉大津市東雲町9-12,34.504268,135.410472,74412 
27207,高槻市,高槻市桃園町2-1,34.8461,135.617216,352698 
27208,貝塚市,貝塚市畠中1-17-1,34.437408,135.358119,84443 
27209,守口市,守口市京阪本通2-5-5,34.735811,135.561724,143096 
27210,枚方市,枚方市大垣内町2-1-20,34.814465,135.650642,397289 
27211,茨木市,茨木市駅前3-8-13,34.816153,135.568503,287730 
27212,八尾市,八尾市本町1-1-1,34.626884,135.600948,264642 
27213,泉佐野市,泉佐野市市場東1-1-1,34.406839,135.327337,100131 
27214,富田林市,富田林市常盤町1-1,34.499675,135.59728,108699 
27215,寝屋川市,寝屋川市本町1-1,34.766079,135.628008,229733 
27216,河内長野市,河内長野市原町1-1-1,34.458107,135.564119,101692 
27217,松原市,松原市阿保1-1-1,34.577901,135.551786,117641 
27218,大東市,大東市谷川1-1-1,34.712013,135.623471,119367 
27219,和泉市,和泉市府中町2-7-5,34.483151,135.423306,184495 
27220,箕面市,箕面市西小路4-6-1,34.826929,135.470379,136868 
27221,柏原市,柏原市安堂町1-55,34.578286,135.629246,68775 
27222,羽曳野市,羽曳野市誉田4-1-1,34.558002,135.606226,108736 
27223,門真市,門真市中町1-1,34.739145,135.586899,119764 
27224,摂津市,摂津市三島1-1-1,34.777387,135.561886,87456 
27225,高石市,高石市加茂4-1-1,34.520673,135.442395,55635 
27226,藤井寺市,藤井寺市岡1-1-1,34.574283,135.597476,63688 
27227,東大阪市,東大阪市荒本北1-1-1,34.679324,135.600898,493940 
27228,泉南市,泉南市樽井1-1-1,34.366007,135.2733,60102 
27229,四條畷市,四條畷市中野本町1-1,34.740064,135.639727,55177 
27230,交野市,交野市私部1-1-1,34.787958,135.679978,75033 
27231,大阪狭山市,大阪狭山市狭山1-2384-1,34.503718,135.555748,58435 
27232,阪南市,阪南市尾崎町35-1,34.359594,135.239656,51254 
27301,島本町,三島郡島本町桜井2-1-1,34.883819,135.663009,30927 
27321,豊能町,豊能郡豊能町余野414-1,34.91885,135.494096,18279 
27322,能勢町,豊能郡能勢町宿野28,34.973436,135.413888,9079 
27341,忠岡町,泉北郡忠岡町忠岡東1-34-1,34.487125,135.401497,16567 
27361,熊取町,泉南郡熊取町野田1-1-1,34.401308,135.355863,43763 
27362,田尻町,泉南郡田尻町大字嘉祥寺375-1,34.393782,135.291176,8434 
27366,岬町,泉南郡岬町深日2000-1,34.3169,135.142085,14741 
27381,太子町,南河内郡太子町大字山田88,34.518656,135.647734,13009 
27382,河南町,南河内郡河南町大字白木1359-6,34.491637,135.62988,15697 
27383,千早赤阪村,南河内郡千早赤阪村大字水分180,34.464601,135.622531,4909 
28100,神戸市,神戸市中央区加納町6-5-1,34.689495,135.195728,1525152 
28201,姫路市,姫路市安田4-1,34.815496,134.685458,530495 
28202,尼崎市,尼崎市東七松町1-23-1,34.733554,135.406394,459593 
28203,明石市,明石市中崎1-5-1,34.643109,134.997182,303601 
28204,西宮市,西宮市六湛寺町10-3,34.737691,135.34183,485587 
28205,洲本市,洲本市本町3-4-10,34.342522,134.895653,41236 
28206,芦屋市,芦屋市精道町7-6,34.726522,135.304179,93922 
28207,伊丹市,伊丹市千僧1-1,34.784568,135.400362,198138 
28208,相生市,相生市旭1-1-3,34.803662,134.468193,28355 
28209,豊岡市,豊岡市中央町2-4,35.544475,134.820187,77489 
28210,加古川市,加古川市加古川町北在家2000,34.75662,134.8409,260878 
28212,赤穂市,赤穂市加里屋81,34.754974,134.390354,45892 
28213,西脇市,西脇市下戸田128番地の１,34.98343,134.97973,38673 
28214,宝塚市,宝塚市東洋町1-1,34.799817,135.360098,226432 
28215,三木市,三木市上の丸町10番30号,34.796922,134.990188,75294 
28216,高砂市,高砂市荒井町千鳥1-1-1,34.766321,134.790509,87722 
28217,川西市,川西市中央町12-1,34.830132,135.417222,152321 
28218,小野市,小野市中島町531,34.85788,134.939881,47562 
28219,三田市,三田市三輪2-1-1,34.889672,135.22529,109238 
28220,加西市,加西市北条町横尾1000,34.927811,134.841819,42700 
28221,丹波篠山市,丹波篠山市北新町41,35.075673,135.219002,39611 
28222,養父市,養父市八鹿町八鹿1675,35.40464,134.767668,22129 
28223,丹波市,丹波市氷上町成松字甲賀1,35.177259,135.035816,61471 
28224,南あわじ市,南あわじ市市善光寺22番地1,34.294417,134.779952,44137 
28225,朝来市,朝来市和田山町東谷213-1,35.339835,134.853117,28989 
28226,淡路市,淡路市生穂新島8,34.439847,134.914633,41967 
28227,宍粟市,宍粟市山崎町中広瀬133番地6,35.004435,134.549377,34819 
28228,加東市,加東市社50,34.91737,134.973345,40645 
28229,たつの市,たつの市龍野町富永1005-1,34.857847,134.545397,74316 
28301,猪名川町,川辺郡猪名川町上野字北畑11-1,34.894966,135.376164,29680 
28365,多可町,多可郡多可町中区中村町123,35.050315,134.923359,19261 
28381,稲美町,加古郡稲美町国岡1-1,34.748627,134.913384,30268 
28382,播磨町,加古郡播磨町東本荘1-5-30,34.715302,134.867911,33604 
28442,市川町,神崎郡市川町西川辺165-3,34.989365,134.763289,11231 
28443,福崎町,神崎郡福崎町南田原3116-1,34.950319,134.760245,19377 
28446,神河町,神崎郡神河町寺前64,35.064235,134.739856,10616 
28464,太子町,揖保郡太子町鵤280-1,34.833246,134.572319,33477 
28481,上郡町,赤穂郡上郡町大持278,34.873583,134.356098,13879 
28501,佐用町,佐用郡佐用町佐用2611-1,35.004296,134.355771,15863 
28585,香美町,美方郡香美町香住区香住870-1,35.632169,134.629175,16064 
28586,新温泉町,美方郡新温泉町浜坂2673-1,35.623509,134.448942,13318 
29201,奈良市,奈良市二条大路南一丁目1-1,34.685117,135.804995,354630 
29202,大和高田市,大和高田市大字大中98番地4,34.51575,135.737387,61744 
29203,大和郡山市,大和郡山市北郡山町248-4,34.649616,135.782715,83285 
29204,天理市,天理市川原城町605,34.596617,135.837367,63889 
29205,橿原市,橿原市八木町1-1-18,34.509453,135.792756,120922 
29206,桜井市,桜井市大字粟殿432-1,34.51884,135.84274,54857 
29207,五條市,五條市岡口1丁目3番1号,34.356358,135.695556,27927 
29208,御所市,御所市1-3,34.46334,135.740177,24096 
29209,生駒市,生駒市東新町8-38,34.691979,135.700553,116675 
29210,香芝市,香芝市本町1397,34.541295,135.699162,78113 
29211,葛城市,葛城市柿本166,34.489158,135.726563,36832 
29212,宇陀市,宇陀市榛原下井足17-3,34.528073,135.952303,28121 
29322,山添村,山辺郡山添村大字大西151,34.681261,136.043797,3226 
29342,平群町,生駒郡平群町吉新1-1-1,34.629155,135.700711,18009 
29343,三郷町,生駒郡三郷町勢野西1-1-1,34.599977,135.695425,23219 
29344,斑鳩町,生駒郡斑鳩町法隆寺西3-7-12,34.608852,135.730593,27587 
29345,安堵町,生駒郡安堵町大字東安堵958,34.606488,135.756781,7225 
29361,川西町,磯城郡川西町大字結崎28-1,34.584383,135.773871,8167 
29362,三宅町,磯城郡三宅町大字伴堂689,34.573678,135.773177,6439 
29363,田原本町,磯城郡田原本町890-1,34.556667,135.79494,31177 
29385,曽爾村,宇陀郡曽爾村大字今井495-1,34.510664,136.124475,1295 
29386,御杖村,宇陀郡御杖村大字菅野368,34.488391,136.16591,1479 
29401,高取町,高市郡高取町大字観覚寺990-1,34.449468,135.793168,6729 
29402,明日香村,高市郡明日香村大字岡55,34.471281,135.820633,5179 
29424,上牧町,北葛城郡上牧町大字上牧3350,34.562723,135.716674,21714 
29425,王寺町,北葛城郡王寺町王寺2-1-23,34.594696,135.706705,24043 
29426,広陵町,北葛城郡広陵町大字南郷583-1,34.54274,135.750842,33810 
29427,河合町,北葛城郡河合町池部1-1-1,34.578369,135.736699,17018 
29441,吉野町,吉野郡吉野町大字上市80-1,34.396046,135.857612,6229 
29442,大淀町,吉野郡大淀町大字桧垣本2090,34.390529,135.789798,16728 
29443,下市町,吉野郡下市町大字下市1960,34.360951,135.791872,5037 
29444,黒滝村,吉野郡黒滝村大字寺戸77,34.309276,135.85225,623 
29446,天川村,吉野郡天川村大字沢谷60,34.241929,135.855135,1176 
29447,野迫川村,吉野郡野迫川村大字北股84,34.166293,135.63303,357 
29449,十津川村,吉野郡十津川村大字小原225-1,33.988504,135.792611,3061 
29450,下北山村,吉野郡下北山村大字寺垣内983,34.00508,135.955178,753 
29451,上北山村,吉野郡上北山村大字河合330,34.134321,136.000149,444 
29452,川上村,吉野郡川上村大字迫1335-7,34.338121,135.954303,1156 
29453,東吉野村,吉野郡東吉野村大字小川99,34.403541,135.968307,1502 
30201,和歌山市,和歌山市七番丁23,34.230514,135.170808,356729 
30202,海南市,海南市南赤坂11,34.157533,135.239675,48369 
30203,橋本市,橋本市東家1-1-1,34.314876,135.605208,60818 
30204,有田市,有田市箕島50,34.083104,135.127727,26538 
30205,御坊市,御坊市薗350,33.891412,135.152406,23481 
30206,田辺市,田辺市新屋敷町1,33.72801,135.377662,69870 
30207,新宮市,新宮市春日1-1,33.724224,135.992525,27171 
30208,紀の川市,紀の川市西大井338,34.269538,135.362576,58816 
30209,岩出市,岩出市西野209,34.256267,135.311451,53967 
30304,紀美野町,海草郡紀美野町動木287,34.167192,135.307575,8256 
30341,かつらぎ町,伊都郡かつらぎ町大字丁ノ町2160,34.296416,135.503802,15967 
30343,九度山町,伊都郡九度山町大字九度山1190,34.287192,135.562242,3856 
30344,高野町,伊都郡高野町大字高野山636,34.216077,135.586536,2970 
30361,湯浅町,有田郡湯浅町大字青木668-1,34.029418,135.190427,11122 
30362,広川町,有田郡広川町大字広1500,34.029957,135.173072,6781 
30366,有田川町,有田郡有田川町下津野2018-4,34.057488,135.216116,25258 
30381,美浜町,日高郡美浜町大字和田1138-278,33.893806,135.133265,6867 
30382,日高町,日高郡日高町大字高家626,33.925677,135.141072,7673 
30383,由良町,日高郡由良町大字里1220-1,33.959251,135.118187,5364 
30390,印南町,日高郡印南町大字印南2570,33.819533,135.222515,7720 
30391,みなべ町,日高郡みなべ町芝742,33.772333,135.321434,11818 
30392,日高川町,日高郡日高川町大字土生160,33.911693,135.186,9219 
30401,白浜町,西牟婁郡白浜町1600,33.678188,135.348108,20262 
30404,上富田町,西牟婁郡上富田町朝来763,33.696352,135.428802,15236 
30406,すさみ町,西牟婁郡すさみ町周参見4089,33.550062,135.496678,3685 
30421,那智勝浦町,東牟婁郡那智勝浦町大字築地7-1-1,33.625988,135.941042,14137 
30422,太地町,東牟婁郡太地町大字太地3767-1,33.594037,135.943964,2791 
30424,古座川町,東牟婁郡古座川町大字高池673-2,33.53199,135.814999,2480 
30427,北山村,東牟婁郡北山村大字大沼42,33.9321,135.969303,404 
30428,串本町,東牟婁郡串本町サンゴ台690番地5,33.485686,135.787016,14959 
31201,鳥取市,鳥取市幸町71番地,35.494452,134.222154,188465 
31202,米子市,米子市加茂町1-1,35.428136,133.330939,147317 
31203,倉吉市,倉吉市葵町722,35.430182,133.825561,46485 
31204,境港市,境港市上道町3000,35.539606,133.2316,32740 
31302,岩美町,岩美郡岩美町大字浦富675-1,35.575896,134.332087,10799 
31325,若桜町,八頭郡若桜町大字若桜801-5,35.340149,134.400992,2864 
31328,智頭町,八頭郡智頭町大字智頭2072-1,35.265081,134.226587,6427 
31329,八頭町,八頭郡八頭町郡家493,35.409211,134.250526,15937 
31364,三朝町,東伯郡三朝町大字大瀬999-2,35.408461,133.861742,6060 
31370,湯梨浜町,東伯郡湯梨浜町大字久留19-1,35.489915,133.864681,16055 
31371,琴浦町,東伯郡琴浦町大字徳万591-2,35.495184,133.692779,16365 
31372,北栄町,東伯郡北栄町由良宿423-1,35.490011,133.758294,14228 
31384,日吉津村,西伯郡日吉津村大字日吉津872-15,35.440179,133.380808,3501 
31386,大山町,西伯郡大山町御来屋328,35.510779,133.496123,15370 
31389,南部町,西伯郡南部町法勝寺377-1,35.34033,133.326829,10323 
31390,伯耆町,西伯郡伯耆町吉長37-3,35.38523,133.407384,10696 
31401,日南町,日野郡日南町霞800,35.163311,133.306255,4196 
31402,日野町,日野郡日野町根雨101,35.240793,133.442659,2907 
31403,江府町,日野郡江府町大字江尾1717番地1,35.275893,133.479132,2672 
32201,松江市,松江市末次町86,35.468039,133.048527,203616 
32202,浜田市,浜田市殿町1,34.899255,132.079883,54592 
32203,出雲市,出雲市今市町70,35.366917,132.754712,172775 
32204,益田市,益田市常盤町1-1,34.674814,131.842862,45003 
32205,大田市,大田市大田町大田ロ1111,35.19209,132.499351,32846 
32206,安来市,安来市安来町878-2,35.431451,133.250851,37062 
32207,江津市,江津市江津町1016-4,35.011621,132.217754,22959 
32209,雲南市,雲南市木次町里方521-1,35.307718,132.900345,36007 
32343,奥出雲町,仁多郡奥出雲町三成358-1,35.197428,133.002549,11849 
32386,飯南町,飯石郡飯南町下赤名880,35.00004,132.713872,4577 
32441,川本町,邑智郡川本町大字川本271-3,34.995211,132.495853,3248 
32448,美郷町,邑智郡美郷町粕渕168,35.076512,132.590543,4355 
32449,邑南町,邑智郡邑南町矢上6000,34.893934,132.437976,10163 
32501,津和野町,鹿足郡津和野町枕瀬218-18,34.541961,131.83508,6875 
32505,吉賀町,鹿足郡吉賀町六日市750,34.35351,131.935137,6077 
32525,海士町,隠岐郡海士町大字海士1490,36.096561,133.096701,2267 
32526,西ノ島町,隠岐郡西ノ島町大字美田600番地4,36.091825,133.013467,2788 
32527,知夫村,隠岐郡知夫村1065,36.013927,133.039372,634 
32528,隠岐の島町,隠岐郡隠岐の島町下西78番地2,36.213394,133.311818,13433 
33100,岡山市,岡山市北区大供1-1-1,34.655107,133.919566,724691 
33202,倉敷市,倉敷市西中新田640,34.584677,133.772281,474592 
33203,津山市,津山市山北520,35.069118,134.004543,99937 
33204,玉野市,玉野市宇野1-27-1,34.491979,133.946012,56531 
33205,笠岡市,笠岡市中央町1-1,34.507182,133.507441,46088 
33207,井原市,井原市井原町311-1,34.597709,133.463798,38384 
33208,総社市,総社市中央1-1-1,34.67281,133.746531,69030 
33209,高梁市,高梁市松原通2043,34.791361,133.616678,29072 
33210,新見市,新見市新見310-3,34.977058,133.470345,28079 
33211,備前市,備前市東片上126,34.745183,134.188803,32320 
33212,瀬戸内市,瀬戸内市邑久町尾張300-1,34.664893,134.092849,36048 
33213,赤磐市,赤磐市下市344,34.755396,134.018848,42661 
33214,真庭市,真庭市久世2927-2,35.075591,133.752756,42725 
33215,美作市,美作市栄町38-2,35.008594,134.148578,25939 
33216,浅口市,浅口市鴨方町六条院中3050,34.527834,133.584911,32772 
33346,和気町,和気郡和気町尺所555,34.802882,134.157539,13623 
33423,早島町,都窪郡早島町大字前潟360-1,34.600822,133.828304,12368 
33445,里庄町,浅口郡里庄町大字里見1107-2,34.51374,133.556886,10950 
33461,矢掛町,小田郡矢掛町矢掛3018,34.627596,133.587085,13414 
33586,新庄村,真庭郡新庄村2008-1,35.179367,133.567638,813 
33606,鏡野町,苫田郡鏡野町竹田660,35.091772,133.93303,12062 
33622,勝央町,勝田郡勝央町勝間田201,35.04179,134.116172,10888 
33623,奈義町,勝田郡奈義町豊沢306-1,35.123024,134.177427,5578 
33643,西粟倉村,英田郡西粟倉村大字影石33番地1（あわくら会館内）,35.171765,134.335689,1398 
33663,久米南町,久米郡久米南町下弓削502-1,34.929179,133.960647,4530 
33666,美咲町,久米郡美咲町原田1735,34.997967,133.958149,13053 
33681,吉備中央町,加賀郡吉備中央町豊野1-2,34.863404,133.6935,10886 
34100,広島市,広島市中区国泰寺町1-6-34,34.385253,132.455337,1200754 
34202,呉市,呉市中央4-1-6,34.249254,132.565805,214592 
34203,竹原市,竹原市中央5-1-35,34.341794,132.907091,23993 
34204,三原市,三原市港町3-5-1,34.39747,133.078525,90573 
34205,尾道市,尾道市久保1-15-1,34.409162,133.205628,131170 
34207,福山市,福山市東桜町3-5,34.485927,133.36234,460930 
34208,府中市,府中市府川町315,34.568349,133.236323,37655 
34209,三次市,三次市十日市中2-8-1,34.805627,132.85179,50681 
34210,庄原市,庄原市中本町1-10-1,34.857743,133.017264,33633 
34211,大竹市,大竹市小方1-11-1,34.237952,132.222361,26319 
34212,東広島市,東広島市西条栄町8-29,34.426787,132.743746,196608 
34213,廿日市市,廿日市市下平良1-11-1,34.348416,132.331541,114173 
34214,安芸高田市,安芸高田市吉田町吉田791,34.666099,132.703977,26448 
34215,江田島市,江田島市大柿町大原505,34.174967,132.46221,21930 
34302,府中町,安芸郡府中町大通3-5-1,34.392589,132.504544,51155 
34304,海田町,安芸郡海田町上市14-18,34.372159,132.536155,29636 
34307,熊野町,安芸郡熊野町中溝1-1-1,34.335783,132.584604,22834 
34309,坂町,安芸郡坂町平成ヶ浜1-1-1,34.341282,132.513639,12582 
34368,安芸太田町,山県郡安芸太田町戸河内784-1,34.576731,132.227141,5740 
34369,北広島町,山県郡北広島町有田1234,34.674541,132.538427,17763 
34431,大崎上島町,豊田郡大崎上島町東野6625-1,34.269552,132.914963,7158 
34462,世羅町,世羅郡世羅町西上原123-1,34.586837,133.056631,15125 
34545,神石高原町,神石郡神石高原町小畠1701番地,34.703612,133.251651,8250 
35201,下関市,下関市南部町1-1,33.957279,130.940935,255051 
35202,宇部市,宇部市常盤町1-7-1,33.951824,131.24731,162570 
35203,山口市,山口市亀山町2-1,34.178178,131.473511,193966 
35204,萩市,萩市江向510,34.408107,131.399104,44626 
35206,防府市,防府市寿町7-1,34.051756,131.562627,113979 
35207,下松市,下松市大手町3-3-3,34.015038,131.870317,55887 
35208,岩国市,岩国市今津町1-14-51,34.1665,132.218942,129125 
35210,光市,光市中央6-1-1,33.961916,131.942296,49798 
35211,長門市,長門市東深川1339-2,34.370959,131.182198,32519 
35212,柳井市,柳井市南町1-10-2,33.963839,132.101597,30799 
35213,美祢市,美祢市大嶺町東分326-1,34.16667,131.205703,23247 
35215,周南市,周南市岐山通1-1,34.055135,131.806293,137540 
35216,山陽小野田市,山陽小野田市日の出1-1-1,34.003089,131.181786,60326 
35305,周防大島町,大島郡周防大島町大字小松126-2,33.927628,132.19532,14798 
35321,和木町,玖珂郡和木町和木1-1-1,34.202408,132.220405,6034 
35341,上関町,熊毛郡上関町大字長島448,33.830795,132.110214,2342 
35343,田布施町,熊毛郡田布施町大字下田布施3440-1,33.954677,132.041366,14483 
35344,平生町,熊毛郡平生町大字平生町210-1,33.938193,132.073607,11914 
35502,阿武町,阿武郡阿武町大字奈古2636,34.503352,131.47136,3055 
36201,徳島市,徳島市幸町2-5,34.070234,134.554713,252391 
36202,鳴門市,鳴門市撫養町南浜字東浜170,34.17259,134.6088,54622 
36203,小松島市,小松島市横須町1-1,34.004713,134.590603,36149 
36204,阿南市,阿南市富岡町トノ町12-3,33.921762,134.659566,69470 
36205,吉野川市,吉野川市鴨島町鴨島115-1,34.066235,134.358667,38772 
36206,阿波市,阿波市市場町切幡字古田201-1,34.102138,134.297456,34713 
36207,美馬市,美馬市穴吹町穴吹字九反地5,34.053387,134.169725,28055 
36208,三好市,三好市池田町シンマチ1500-2,34.026044,133.80718,23605 
36301,勝浦町,勝浦郡勝浦町大字久国字久保田3,33.931453,134.511251,4837 
36302,上勝町,勝浦郡上勝町大字福原字下横峯3-1,33.888841,134.401819,1380 
36321,佐那河内村,名東郡佐那河内村下字西ノハナ31番地,33.993786,134.457703,2058 
36341,石井町,名西郡石井町高川原字高川原121-1,34.074698,134.440764,24833 
36342,神山町,名西郡神山町神領字本野間100,33.967225,134.350531,4647 
36368,那賀町,那賀郡那賀町和食郷字南川104-1,33.857497,134.496736,7367 
36383,牟岐町,海部郡牟岐町大字中村字本村7-4,33.668312,134.420661,3743 
36387,美波町,海部郡美波町奥河内字本村18-1,33.734573,134.535413,6222 
36388,海陽町,海部郡海陽町大里字上中須128,33.602043,134.351866,8358 
36401,松茂町,板野郡松茂町広島字東裏30,34.133849,134.580537,14583 
36402,北島町,板野郡北島町中村字上地23-1,34.125594,134.546985,22745 
36403,藍住町,板野郡藍住町奥野字矢上前52-1,34.126776,134.495112,35246 
36404,板野町,板野郡板野町吹田字町南22-2,34.144364,134.462616,13042 
36405,上板町,板野郡上板町七條字経塚42,34.121365,134.404999,11384 
36468,つるぎ町,美馬郡つるぎ町貞光字東浦1-3,34.037307,134.064051,7715 
36489,東みよし町,三好郡東みよし町加茂3360,34.036785,133.93676,13622 
37201,高松市,高松市番町1-8-15,34.342791,134.046574,417496 
37202,丸亀市,丸亀市大手町二丁目4番21号,34.289886,133.798713,109513 
37203,坂出市,坂出市室町2-3-5,34.316692,133.860493,50624 
37204,善通寺市,善通寺市文京町2-1-1,34.22716,133.787188,31631 
37205,観音寺市,観音寺市坂本町一丁目1-1,34.12737,133.661597,57438 
37206,さぬき市,さぬき市志度5385-8,34.32521,134.171989,47003 
37207,東かがわ市,東かがわ市湊1847-1,34.243803,134.358837,28279 
37208,三豊市,三豊市高瀬町下勝間2373-1,34.182556,133.715203,61857 
37322,土庄町,小豆郡土庄町淵崎甲1400番地2,34.486653,134.188629,12846 
37324,小豆島町,小豆郡小豆島町片城甲44番地95,34.479714,134.30888,13870 
37341,三木町,木田郡三木町大字氷上310,34.268355,134.134363,26878 
37364,直島町,香川郡直島町1122-1,34.45983,133.995638,3103 
37386,宇多津町,綾歌郡宇多津町1881,34.310301,133.825566,18699 
37387,綾川町,綾歌郡綾川町滝宮299,34.249613,133.923099,22693 
37403,琴平町,仲多度郡琴平町榎井817-10,34.19142,133.823303,8468 
37404,多度津町,仲多度郡多度津町栄町三丁目3番95号,34.272711,133.758553,22445 
37406,まんのう町,仲多度郡まんのう町吉野下430,34.192334,133.841393,17401 
38201,松山市,松山市二番町4-7-2,33.839157,132.765556,511192 
38202,今治市,今治市別宮町1-4-1,34.066043,132.997658,151672 
38203,宇和島市,宇和島市曙町1,33.22334,132.560563,70809 
38204,八幡浜市,八幡浜市北浜1-1-1,33.462898,132.423334,31987 
38205,新居浜市,新居浜市一宮町1-5-1,33.960329,133.283379,115938 
38206,西条市,西条市明屋敷164,33.919615,133.181186,104791 
38207,大洲市,大洲市大洲690-1,33.506285,132.544514,40575 
38210,伊予市,伊予市米湊820,33.757461,132.703778,35133 
38213,四国中央市,四国中央市三島宮川4-6-55,33.980694,133.549188,82754 
38214,西予市,西予市宇和町卯之町3-434-1,33.363017,132.510967,35388 
38215,東温市,東温市見奈良530-1,33.791027,132.872299,33903 
38356,上島町,越智郡上島町弓削下弓削210,34.257467,133.204492,6509 
38386,久万高原町,上浮穴郡久万高原町久万212,33.655603,132.901665,7404 
38401,松前町,伊予郡松前町大字筒井631,33.787479,132.711364,29630 
38402,砥部町,伊予郡砥部町宮内1392,33.74926,132.792233,20480 
38422,内子町,喜多郡内子町平岡甲168,33.532937,132.658083,15322 
38442,伊方町,西宇和郡伊方町湊浦1993-1,33.488593,132.353998,8397 
38484,松野町,北宇和郡松野町大字松丸343,33.227142,132.711304,3674 
38488,鬼北町,北宇和郡鬼北町大字近永800-1,33.255792,132.684032,9682 
38506,愛南町,南宇和郡愛南町城辺甲2420,32.962168,132.583326,19601 
39201,高知市,高知市本町5-1-45,33.558722,133.531094,326545 
39202,室戸市,室戸市浮津25-1,33.289955,134.151981,11742 
39203,安芸市,安芸市矢ノ丸1-4-40,33.502416,133.907074,16243 
39204,南国市,南国市大そね甲2301,33.575673,133.64146,46664 
39205,土佐市,土佐市高岡町甲2017-1,33.495999,133.425055,25732 
39206,須崎市,須崎市山手町1-7,33.400745,133.282959,20590 
39208,宿毛市,宿毛市希望ヶ丘1番地,32.934013,132.702033,19033 
39209,土佐清水市,土佐清水市天神町11-2,32.781603,132.9551,12388 
39210,四万十市,四万十市中村大橋通4-10,32.991385,132.93375,32694 
39211,香南市,香南市野市町西野2706,33.564362,133.700788,32207 
39212,香美市,香美市土佐山田町宝町1-2-1,33.60386,133.686245,26513 
39301,東洋町,安芸郡東洋町大字生見758-3,33.527976,134.279968,2194 
39302,奈半利町,安芸郡奈半利町乙1659-1,33.424179,134.020957,3034 
39303,田野町,安芸郡田野町1828-5,33.427713,134.008209,2498 
39304,安田町,安芸郡安田町大字安田1850,33.43908,133.981215,2370 
39305,北川村,安芸郡北川村野友甲1530,33.447694,134.042069,1146 
39306,馬路村,安芸郡馬路村馬路443,33.555347,134.048114,745 
39307,芸西村,安芸郡芸西村和食甲1262,33.526915,133.808942,3694 
39341,本山町,長岡郡本山町本山504,33.757028,133.591481,3261 
39344,大豊町,長岡郡大豊町津家1626,33.768665,133.643036,3252 
39363,土佐町,土佐郡土佐町土居194,33.737026,133.531791,3753 
39364,大川村,土佐郡大川村小松27-1,33.783927,133.466613,366 
39386,いの町,吾川郡いの町1700-1,33.548689,133.427583,21374 
39387,仁淀川町,吾川郡仁淀川町大崎200,33.575286,133.171,4827 
39401,中土佐町,高岡郡中土佐町久礼6663-1,33.329273,133.224785,6002 
39402,佐川町,高岡郡佐川町甲1650-2,33.500809,133.286642,12323 
39403,越知町,高岡郡越知町越知甲1970,33.532848,133.252221,5187 
39405,梼原町,高岡郡梼原町梼原1444-1,33.39217,132.927065,3307 
39410,日高村,高岡郡日高村本郷61-1,33.535083,133.373201,4812 
39411,津野町,高岡郡津野町永野471-1,33.446666,133.199377,5291 
39412,四万十町,高岡郡四万十町琴平町16-17,33.211606,133.137037,15607 
39424,大月町,幡多郡大月町弘見2230,32.841481,132.70699,4434 
39427,三原村,幡多郡三原村来栖野346,32.90609,132.84725,1437 
39428,黒潮町,幡多郡黒潮町入野5893,33.024965,133.004158,10262 
40100,北九州市,北九州市小倉北区城内1-1,33.883408,130.875183,939029 
40130,福岡市,福岡市中央区天神1-8-1,33.590313,130.401735,1612392 
40202,大牟田市,大牟田市有明町2-3,33.030248,130.446058,111281 
40203,久留米市,久留米市城南町15-3,33.319286,130.508371,303316 
40204,直方市,直方市殿町7-1,33.744181,130.729652,56212 
40205,飯塚市,飯塚市新立岩5-5,33.646083,130.691422,126364 
40206,田川市,田川市中央町1-1,33.63876,130.806298,46203 
40207,柳川市,柳川市本町87-1,33.163064,130.405739,64475 
40210,八女市,八女市本町647,33.211952,130.557912,60608 
40211,筑後市,筑後市大字山ノ井898,33.212246,130.502151,48827 
40212,大川市,大川市大字酒見256-1,33.206622,130.383922,32988 
40213,行橋市,行橋市中央1-1-1,33.728762,130.982963,71426 
40214,豊前市,豊前市大字吉木955,33.611538,131.129941,24391 
40215,中間市,中間市中間1-1-1,33.816699,130.709026,40362 
40216,小郡市,小郡市小郡255-1,33.39645,130.555541,59360 
40217,筑紫野市,筑紫野市石崎1-1-1,33.487386,130.526007,103311 
40218,春日市,春日市原町3-1-5,33.532629,130.470368,111023 
40219,大野城市,大野城市曙町2-2-1,33.53629,130.478697,102085 
40220,宗像市,宗像市東郷1-1-1,33.805448,130.540651,97095 
40221,太宰府市,太宰府市観世音寺1-1-1,33.512835,130.523876,73164 
40223,古賀市,古賀市駅東1-1-1,33.728664,130.469995,58786 
40224,福津市,福津市中央1-1-1,33.766897,130.491038,67033 
40225,うきは市,うきは市吉井町新治316,33.347305,130.754928,27981 
40226,宮若市,宮若市宮田29-1,33.723666,130.667417,26298 
40227,嘉麻市,嘉麻市岩崎1180-1,33.598421,130.719217,35473 
40228,朝倉市,朝倉市菩提寺412-2,33.423412,130.665573,50273 
40229,みやま市,みやま市瀬高町小川5,33.152434,130.474734,35861 
40230,糸島市,糸島市前原西一丁目1番1号,33.55745,130.1955,98877 
40231,那珂川市,那珂川市西隈1-1-1,33.499597,130.4222,50112 
40341,宇美町,糟屋郡宇美町宇美5-1-1,33.567768,130.511208,37671 
40342,篠栗町,糟屋郡篠栗町中央1-1-1,33.623869,130.526207,31209 
40343,志免町,糟屋郡志免町志免中央1-1-1,33.591503,130.479807,46377 
40344,須恵町,糟屋郡須恵町大字須恵771,33.587268,130.507234,28628 
40345,新宮町,糟屋郡新宮町緑ヶ浜1-1-1,33.715313,130.446567,32927 
40348,久山町,糟屋郡久山町大字久原3632,33.646726,130.499906,9068 
40349,粕屋町,糟屋郡粕屋町駕与丁一丁目1-1,33.610854,130.480582,48190 
40381,芦屋町,遠賀郡芦屋町幸町2-20,33.893862,130.663874,13545 
40382,水巻町,遠賀郡水巻町頃末北1-1-1,33.85485,130.694783,28114 
40383,岡垣町,遠賀郡岡垣町野間1-1-1,33.853491,130.611749,31007 
40384,遠賀町,遠賀郡遠賀町大字今古賀513,33.848166,130.668341,18723 
40401,小竹町,鞍手郡小竹町大字勝野3167-1,33.696782,130.707784,7151 
40402,鞍手町,鞍手郡鞍手町大字中山3705,33.792112,130.674008,15080 
40421,桂川町,嘉穂郡桂川町大字土居424-1,33.578889,130.678118,12878 
40447,筑前町,朝倉郡筑前町篠隈373,33.457033,130.595183,29591 
40448,東峰村,朝倉郡東峰村大字宝珠山6425,33.397314,130.869919,1899 
40503,大刀洗町,三井郡大刀洗町大字冨多819,33.372425,130.622454,15521 
40522,大木町,三潴郡大木町大字八町牟田255-1,33.210453,130.439806,13820 
40544,広川町,八女郡広川町大字新代1804-1,33.241245,130.551397,19969 
40601,香春町,田川郡香春町大字高野994,33.668006,130.847401,10191 
40602,添田町,田川郡添田町大字添田2151,33.571816,130.854088,8801 
40604,糸田町,田川郡糸田町1975-1,33.652736,130.778958,8407 
40605,川崎町,田川郡川崎町大字田原789-2,33.599956,130.814915,15176 
40608,大任町,田川郡大任町大字大行事3067,33.612164,130.853742,5008 
40609,赤村,田川郡赤村大字内田1188,33.616692,130.870855,2774 
40610,福智町,田川郡福智町金田937-2,33.683263,130.78012,21398 
40621,苅田町,京都郡苅田町富久町1-19-1,33.776006,130.980475,37684 
40625,みやこ町,京都郡みやこ町勝山上田960,33.699236,130.920096,18825 
40642,吉富町,築上郡吉富町大字広津226-1,33.602643,131.175951,6536 
40646,上毛町,築上郡上毛町大字垂水1321-1,33.578425,131.164207,7251 
40647,築上町,築上郡築上町大字椎田891-2,33.656381,131.055784,17189 
41201,佐賀市,佐賀市栄町1-1,33.263543,130.300835,233301 
41202,唐津市,唐津市西城内1-1,33.449801,129.96768,117373 
41203,鳥栖市,鳥栖市宿町1118,33.377758,130.506244,74196 
41204,多久市,多久市北多久町大字小侍7-1,33.288513,130.110061,18295 
41205,伊万里市,伊万里市立花町1355-1,33.264741,129.880702,52629 
41206,武雄市,武雄市武雄町大字昭和12-10,33.194873,130.021557,47914 
41207,鹿島市,鹿島市大字納富分2643-1,33.103804,130.098603,27892 
41208,小城市,小城市三日月町長神田2312-2,33.273776,130.21728,43952 
41209,嬉野市,嬉野市塩田町大字馬場下甲1769,33.128092,130.06012,25848 
41210,神埼市,神埼市神埼町鶴3542-1,33.311423,130.371662,31022 
41327,吉野ヶ里町,神埼郡吉野ヶ里町吉田321-2,33.321148,130.398753,16323 
41341,基山町,三養基郡基山町大字宮浦666,33.426944,130.523052,17250 
41345,上峰町,三養基郡上峰町大字坊所383-1,33.319626,130.426137,9286 
41346,みやき町,三養基郡みやき町大字東尾737-5,33.324943,130.45459,25511 
41387,玄海町,東松浦郡玄海町大字諸浦348,33.472164,129.874689,5609 
41401,有田町,西松浦郡有田町立部乙2202,33.210574,129.849014,19010 
41423,大町町,杵島郡大町町大字大町5017,33.213871,130.116032,6293 
41424,江北町,杵島郡江北町大字山口1651-1,33.220464,130.15731,9566 
41425,白石町,杵島郡白石町大字福田1247-1,33.181082,130.143493,22051 
41441,太良町,藤津郡太良町大字多良1番地6,33.019436,130.179126,8121 
42201,長崎市,長崎市桜町2-22,32.750311,129.877906,409118 
42202,佐世保市,佐世保市八幡町1-10,33.179904,129.71509,243223 
42203,島原市,島原市上の町537,32.787998,130.3703,43338 
42204,諫早市,諫早市東小路町7-1,32.844208,130.053601,133852 
42205,大村市,大村市玖島1-25,32.89996,129.958217,95397 
42207,平戸市,平戸市岩の上町1508-3,33.368065,129.553671,29365 
42208,松浦市,松浦市志佐町里免365,33.341023,129.709047,21271 
42209,対馬市,対馬市厳原町国分1441,34.202643,129.287518,28502 
42210,壱岐市,壱岐市郷ノ浦町本村触562,33.749978,129.691377,24948 
42211,五島市,五島市福江町1-1,32.695777,128.84089,34391 
42212,西海市,西海市大瀬戸町瀬戸樫浦郷2222,32.933117,129.642962,26275 
42213,雲仙市,雲仙市吾妻町牛口名714,32.835214,130.187508,41096 
42214,南島原市,南島原市西有家町里坊96-2,32.659716,130.297783,42330 
42307,長与町,西彼杵郡長与町嬉里郷659-1,32.82517,129.875071,40780 
42308,時津町,西彼杵郡時津町浦郷274-1,32.828885,129.848527,29339 
42321,東彼杵町,東彼杵郡東彼杵町蔵本郷1850-6,33.037031,129.917149,7721 
42322,川棚町,東彼杵郡川棚町中組郷1518-1,33.072743,129.8616,13377 
42323,波佐見町,東彼杵郡波佐見町宿郷660,33.13789,129.895548,14291 
42383,小値賀町,北松浦郡小値賀町笛吹郷2376-1,33.191074,129.058766,2288 
42391,佐々町,北松浦郡佐々町本田原免168-2,33.238426,129.650353,13912 
42411,新上五島町,南松浦郡新上五島町青方郷1585-1,32.984553,129.073401,17503 
43100,熊本市,熊本市中央区手取本町1-1,32.803078,130.707897,738865 
43202,八代市,八代市松江城町1-25,32.507498,130.601808,123067 
43203,人吉市,人吉市西間下町字永溝7番地1,32.205633,130.760157,31108 
43204,荒尾市,荒尾市宮内出目390,32.986838,130.433036,50832 
43205,水俣市,水俣市陣内1-1-1,32.211883,130.408725,23557 
43206,玉名市,玉名市岩崎163,32.935266,130.562877,64292 
43208,山鹿市,山鹿市山鹿987-3,33.016728,130.691297,49025 
43210,菊池市,菊池市隈府888,32.979485,130.813241,46416 
43211,宇土市,宇土市浦田町51,32.687292,130.658562,36122 
43212,上天草市,上天草市大矢野町上1514,32.587422,130.430405,24563 
43213,宇城市,宇城市松橋町大野85,32.647814,130.684287,57032 
43214,阿蘇市,阿蘇市一の宮町宮地504-1,32.952222,131.121389,24930 
43215,天草市,天草市東浜町8-1,32.458621,130.19301,75783 
43216,合志市,合志市竹迫2140,32.885996,130.789726,61772 
43348,美里町,下益城郡美里町馬場1100,32.639609,130.789007,9392 
43364,玉東町,玉名郡玉東町木葉759,32.918905,130.628593,5045 
43367,南関町,玉名郡南関町関町64番地,33.059565,130.54364,8979 
43368,長洲町,玉名郡長洲町大字長洲2766,32.929756,130.4527,15372 
43369,和水町,玉名郡和水町江田3886,32.978158,130.605813,9342 
43403,大津町,菊池郡大津町大字大津1233,32.877904,130.868653,35187 
43404,菊陽町,菊池郡菊陽町大字久保田2800,32.862515,130.828654,43337 
43423,南小国町,阿蘇郡南小国町大字赤馬場143,33.098192,131.070724,3750 
43424,小国町,阿蘇郡小国町大字宮原1567-1,33.121568,131.068157,6590 
43425,産山村,阿蘇郡産山村山鹿488-3,32.995747,131.216799,1382 
43428,高森町,阿蘇郡高森町大字高森2168,32.827271,131.122023,5789 
43432,西原村,阿蘇郡西原村大字小森3259,32.834719,130.903036,6426 
43433,南阿蘇村,阿蘇郡南阿蘇村大字河陽1705-1,32.845046,131.017881,9836 
43441,御船町,上益城郡御船町大字御船995-1,32.714585,130.801821,16303 
43442,嘉島町,上益城郡嘉島町上島530,32.740072,130.757303,9547 
43443,益城町,上益城郡益城町大字木山594,32.800608,130.817015,32510 
43444,甲佐町,上益城郡甲佐町豊内719-4,32.651356,130.811466,10132 
43447,山都町,上益城郡山都町浜町6,32.685387,130.990443,13503 
43468,氷川町,八代郡氷川町島地642,32.582402,130.673753,11094 
43482,芦北町,葦北郡芦北町大字芦北2015,32.299102,130.493119,15681 
43484,津奈木町,葦北郡津奈木町大字小津奈木2123,32.233892,130.439621,4254 
43501,錦町,球磨郡錦町大字一武1587,32.200987,130.840902,10288 
43505,多良木町,球磨郡多良木町大字多良木1648,32.264039,130.935795,9076 
43506,湯前町,球磨郡湯前町1989-1,32.276144,130.980987,3627 
43507,水上村,球磨郡水上村大字岩野90,32.314379,131.009541,2033 
43510,相良村,球磨郡相良村大字深水2500-1,32.23526,130.797985,4070 
43511,五木村,球磨郡五木村甲2672-7,32.397343,130.827833,931 
43512,山江村,球磨郡山江村大字山田甲1356-1,32.246465,130.767136,3238 
43513,球磨村,球磨郡球磨村大字渡丙1730,32.252621,130.651274,2433 
43514,あさぎり町,球磨郡あさぎり町免田東1199,32.240321,130.897827,14676 
43531,苓北町,天草郡苓北町志岐660,32.513413,130.05472,7114 
44201,大分市,大分市荷揚町2-31,33.239526,131.609377,475614 
44202,別府市,別府市上野口町1-15,33.284642,131.491328,115321 
44203,中津市,中津市豊田町14-3,33.598302,131.18824,82863 
44204,日田市,日田市田島2-6-1,33.321041,130.94131,62657 
44205,佐伯市,佐伯市中村南町1-1,32.960204,131.899499,66851 
44206,臼杵市,臼杵市大字臼杵72-1,33.125948,131.804638,36158 
44207,津久見市,津久見市宮本町20-15,33.072339,131.861219,16100 
44208,竹田市,竹田市大字会々1650,32.973673,131.397838,20332 
44209,豊後高田市,豊後高田市是永町39-3,33.556202,131.446931,22112 
44210,杵築市,杵築市大字杵築377-1,33.417029,131.616089,27999 
44211,宇佐市,宇佐市大字上田1030-1,33.532327,131.350337,52771 
44212,豊後大野市,豊後大野市三重町市場1200,32.978152,131.585011,33695 
44213,由布市,由布市庄内町柿原302,33.179996,131.426792,32772 
44214,国東市,国東市国東町鶴川149,33.563327,131.732264,26232 
44322,姫島村,東国東郡姫島村1630-1,33.724536,131.645143,1725 
44341,日出町,速見郡日出町2974-1,33.369442,131.532536,27723 
44461,九重町,玖珠郡九重町大字後野上8-1,33.228521,131.188797,8541 
44462,玖珠町,玖珠郡玖珠町大字帆足268-5,33.283135,131.151553,14386 
45201,宮崎市,宮崎市橘通西1-1-1,31.907676,131.420244,401339 
45202,都城市,都城市姫城町6街区21号,31.719519,131.061497,160640 
45203,延岡市,延岡市東本小路2-1,32.582401,131.664859,118394 
45204,日南市,日南市中央通1-1-1,31.601932,131.378731,50848 
45205,小林市,小林市細野300,31.996657,130.972674,43670 
45206,日向市,日向市本町10-5,32.422947,131.623962,59629 
45207,串間市,串間市大字西方5550,31.464539,131.228306,16822 
45208,西都市,西都市聖陵町2-1,32.107862,131.400948,28610 
45209,えびの市,えびの市大字栗下1292,32.045347,130.810841,17638 
45341,三股町,北諸県郡三股町五本松1-1,31.730686,131.12492,25591 
45361,高原町,西諸県郡高原町大字西麓899,31.928413,131.00787,8639 
45382,国富町,東諸県郡国富町大字本庄4800,31.990646,131.323535,18398 
45383,綾町,東諸県郡綾町大字南俣515,31.999135,131.253182,6934 
45401,高鍋町,児湯郡高鍋町大字上江8437,32.12799,131.503341,19922 
45402,新富町,児湯郡新富町大字上富田7491,32.068937,131.487984,16564 
45403,西米良村,児湯郡西米良村大字村所15,32.226354,131.154452,1000 
45404,木城町,児湯郡木城町大字高城1227-1,32.163784,131.473354,4895 
45405,川南町,児湯郡川南町大字川南13680-1,32.192009,131.525816,15194 
45406,都農町,児湯郡都農町大字川北4874-2,32.256434,131.55969,9906 
45421,門川町,東臼杵郡門川町平城東1番1号,32.470914,131.646471,17379 
45429,諸塚村,東臼杵郡諸塚村大字家代2683,32.512184,131.330319,1486 
45430,椎葉村,東臼杵郡椎葉村大字下福良1762-1,32.467408,131.158228,2503 
45431,美郷町,東臼杵郡美郷町西郷区田代1,32.440256,131.423106,4826 
45441,高千穂町,西臼杵郡高千穂町大字三田井13,32.711651,131.307871,11642 
45442,日之影町,西臼杵郡日之影町大字七折9079番地,32.659422,131.380921,3635 
45443,五ヶ瀬町,西臼杵郡五ヶ瀬町大字三ヶ所1670,32.68338,131.19691,3472 
46201,鹿児島市,鹿児島市山下町11-1,31.596789,130.557339,593128 
46203,鹿屋市,鹿屋市共栄町20-1,31.378268,130.852223,101096 
46204,枕崎市,枕崎市千代田町27,31.272922,130.296991,20033 
46206,阿久根市,阿久根市鶴見町200,32.014364,130.192622,19270 
46208,出水市,出水市緑町1-3,32.090458,130.352647,51994 
46210,指宿市,指宿市十町2424,31.252805,130.633118,39011 
46213,西之表市,西之表市西之表7612,30.732453,130.997035,14708 
46214,垂水市,垂水市上町114,31.492758,130.70093,13819 
46215,薩摩川内市,薩摩川内市神田町3-22,31.813486,130.30395,92403 
46216,日置市,日置市伊集院町郡1-100,31.633709,130.402436,47153 
46217,曽於市,曽於市末吉町二之方1980,31.653622,131.019255,33310 
46218,霧島市,霧島市国分中央3-45-1,31.741015,130.763136,123135 
46219,いちき串木野市,いちき串木野市昭和通133-1,31.714542,130.271934,27490 
46220,南さつま市,南さつま市加世田川畑2648,31.41657,130.323494,32887 
46221,志布志市,志布志市志布志町志布志2-1-1,31.477513,131.099826,29329 
46222,奄美市,奄美市名瀬幸町25-8,28.377273,129.49378,41390 
46223,南九州市,南九州市知覧町郡6204,31.378251,130.441623,33080 
46224,伊佐市,伊佐市大口里1888,32.057152,130.612934,24453 
46225,姶良市,姶良市宮島町25,31.728213,130.627758,76348 
46303,三島村,鹿児島市名山町12-18,31.594533,130.560735,405 
46304,十島村,鹿児島市泉町14-15,31.593157,130.560588,740 
46392,さつま町,薩摩郡さつま町宮之城屋地1565-2,31.906331,130.45534,20243 
46404,長島町,出水郡長島町鷹巣1875-1,32.19932,130.176919,9705 
46452,湧水町,姶良郡湧水町木場222,31.951654,130.721025,9119 
46468,大崎町,曽於郡大崎町仮宿1029,31.429102,131.005592,12385 
46482,東串良町,肝属郡東串良町川西1543,31.38579,130.973339,6237 
46490,錦江町,肝属郡錦江町城元963,31.243572,130.787485,6944 
46491,南大隅町,肝属郡南大隅町根占川北226,31.217486,130.768442,6481 
46492,肝付町,肝属郡肝付町新富98,31.344362,130.945223,14227 
46501,中種子町,熊毛郡中種子町野間5186,30.532821,130.958847,7539 
46502,南種子町,熊毛郡南種子町中之上2793-1,30.413905,130.900937,5445 
46505,屋久島町,熊毛郡屋久島町小瀬田849-20,30.389893,130.651119,11858 
46523,大和村,大島郡大和村大和浜100,28.358076,129.395262,1364 
46524,宇検村,大島郡宇検村湯湾915,28.280773,129.297208,1621 
46525,瀬戸内町,大島郡瀬戸内町古仁屋船津23,28.146484,129.314734,8546 
46527,龍郷町,大島郡龍郷町浦110,28.4133,129.589355,5817 
46529,喜界町,大島郡喜界町大字湾1746,28.316838,129.940035,6629 
46530,徳之島町,大島郡徳之島町亀津7203,27.726329,129.018622,10147 
46531,天城町,大島郡天城町平土野2691-1,27.81166,128.897749,5517 
46532,伊仙町,大島郡伊仙町大字伊仙1842,27.673583,128.937584,6139 
46533,和泊町,大島郡和泊町和泊10,27.392559,128.655253,6246 
46534,知名町,大島郡知名町大字知名307,27.333676,128.573732,5750 
46535,与論町,大島郡与論町茶花1418-1,27.044947,128.421638,5115 
47201,那覇市,那覇市泉崎1-1-1,26.212295,127.679218,317625 
47205,宜野湾市,宜野湾市野嵩1-1-1,26.281581,127.778637,100125 
47207,石垣市,石垣市字真栄里672番地,24.344419,124.185246,47637 
47208,浦添市,浦添市安波茶1-1-1,26.245816,127.721804,115690 
47209,名護市,名護市港1-1-1,26.591555,127.977474,63554 
47210,糸満市,糸満市潮崎町1-1,26.123542,127.665823,61007 
47211,沖縄市,沖縄市仲宗根町26-1,26.334354,127.805694,142752 
47212,豊見城市,豊見城市宜保1-1-1,26.177136,127.681225,64612 
47213,うるま市,うるま市みどり町1-1-1,26.379151,127.85748,125303 
47214,宮古島市,宮古島市平良字西里1140番地,24.789971,125.294752,52931 
47215,南城市,南城市佐敷字新里1870,26.16319,127.770625,44043 
47301,国頭村,国頭郡国頭村字辺土名121,26.745725,128.178303,4517 
47302,大宜味村,国頭郡大宜味村字大兼久157,26.701712,128.120159,3092 
47303,東村,国頭郡東村字平良804,26.633284,128.15687,1598 
47306,今帰仁村,国頭郡今帰仁村字仲宗根219,26.682527,127.972739,8894 
47308,本部町,国頭郡本部町字東5,26.658035,127.898175,12530 
47311,恩納村,国頭郡恩納村字恩納2451,26.497502,127.85357,10869 
47313,宜野座村,国頭郡宜野座村字宜野座296,26.481585,127.975615,5833 
47314,金武町,国頭郡金武町字金武1,26.456137,127.926011,10806 
47315,伊江村,国頭郡伊江村字東江前38,26.71349,127.807014,4118 
47324,読谷村,中頭郡読谷村字座喜味2901,26.396154,127.744424,41206 
47325,嘉手納町,中頭郡嘉手納町字嘉手納588,26.361723,127.75538,13521 
47326,北谷町,中頭郡北谷町字桑江226,26.320069,127.763901,28201 
47327,北中城村,中頭郡北中城村字喜舎場426-2,26.30077,127.79295,17969 
47328,中城村,中頭郡中城村字当間585番地1,26.26201,127.789618,22157 
47329,西原町,中頭郡西原町字与那城140-1,26.222856,127.758819,34984 
47348,与那原町,島尻郡与那原町字上与那原16,26.199577,127.754456,19695 
47350,南風原町,島尻郡南風原町字兼城686,26.191122,127.728554,40440 
47353,渡嘉敷村,島尻郡渡嘉敷村字渡嘉敷183,26.197331,127.364289,718 
47354,座間味村,島尻郡座間味村座間味109,26.228949,127.303205,892 
47355,粟国村,島尻郡粟国村字東367,26.582431,127.226965,683 
47356,渡名喜村,島尻郡渡名喜村1917-3,26.37211,127.141122,346 
47357,南大東村,島尻郡南大東村字南144-1,25.828903,131.231872,1285 
47358,北大東村,島尻郡北大東村字中野218,25.945712,131.298917,590 
47359,伊平屋村,島尻郡伊平屋村字我喜屋251,27.039169,127.96862,1126 
47360,伊是名村,島尻郡伊是名村字仲田1203,26.928305,127.941226,1322 
47361,久米島町,島尻郡久米島町字比嘉2870,26.340669,126.805021,7192 
47362,八重瀬町,島尻郡八重瀬町字東風平1188,26.15834,127.718649,30941 
47375,多良間村,宮古郡多良間村字仲筋99-2,24.669449,124.701693,1058 
47381,竹富町,石垣市美崎町11-1,24.339518,124.154522,3942 
47382,与那国町,八重山郡与那国町字与那国129,24.468034,123.004496,1676 
